Id,Failure,Success
5816,0.9,0.1
5817,0.7,0.3
5818,0.8,0.2
5819,1.0,0.0
5820,1.0,0.0
5821,0.9,0.1
5822,0.0,1.0
5823,1.0,0.0
5824,0.9,0.1
5825,0.3,0.7
5826,1.0,0.0
5827,0.1,0.9
5828,0.3,0.7
5829,1.0,0.0
5830,0.0,1.0
5831,0.9,0.1
5832,0.7,0.3
5833,0.0,1.0
5834,0.1,0.9
5835,0.1,0.9
5836,1.0,0.0
5837,0.0,1.0
5838,1.0,0.0
5839,1.0,0.0
5840,0.9,0.1
5841,1.0,0.0
5842,0.0,1.0
5843,0.8,0.2
5844,1.0,0.0
5845,0.0,1.0
5846,1.0,0.0
5847,0.7,0.3
5848,1.0,0.0
5849,0.8,0.2
5850,0.0,1.0
5851,0.9,0.1
5852,1.0,0.0
5853,0.1,0.9
5854,0.3,0.7
5855,0.2,0.8
5856,1.0,0.0
5857,0.0,1.0
5858,0.4,0.6
5859,1.0,0.0
5860,0.9,0.1
5861,0.7,0.3
5862,0.1,0.9
5863,0.8,0.2
5864,0.6,0.4
5865,0.0,1.0
5866,1.0,0.0
5867,0.5,0.5
5868,0.0,1.0
5869,0.7,0.3
5870,1.0,0.0
5871,0.0,1.0
5872,0.8,0.2
5873,0.1,0.9
5874,1.0,0.0
5875,0.0,1.0
5876,0.0,1.0
5877,1.0,0.0
5878,0.0,1.0
5879,1.0,0.0
5880,0.7,0.3
5881,0.0,1.0
5882,0.8,0.2
5883,0.5,0.5
5884,0.0,1.0
5885,0.0,1.0
5886,0.9,0.1
5887,0.9,0.1
5888,0.0,1.0
5889,0.6,0.4
5890,1.0,0.0
5891,0.8,0.2
5892,0.4,0.6
5893,0.8,0.2
5894,1.0,0.0
5895,1.0,0.0
5896,1.0,0.0
5897,0.9,0.1
5898,1.0,0.0
5899,0.9,0.1
5900,0.9,0.1
5901,1.0,0.0
5902,0.1,0.9
5903,1.0,0.0
5904,0.4,0.6
5905,1.0,0.0
5906,0.8,0.2
5907,1.0,0.0
5908,0.1,0.9
5909,1.0,0.0
5910,0.7,0.3
5911,1.0,0.0
5912,1.0,0.0
5913,0.5,0.5
5914,1.0,0.0
5915,0.6,0.4
5916,1.0,0.0
5917,1.0,0.0
5918,1.0,0.0
5919,1.0,0.0
5920,1.0,0.0
5921,0.0,1.0
5922,1.0,0.0
5923,0.9,0.1
5924,1.0,0.0
5925,0.0,1.0
5926,0.7,0.3
5927,0.0,1.0
5928,0.8,0.2
5929,0.7,0.3
5930,0.0,1.0
5931,1.0,0.0
5932,0.1,0.9
5933,0.8,0.2
5934,0.1,0.9
5935,0.3,0.7
5936,0.0,1.0
5937,0.0,1.0
5938,0.1,0.9
5939,0.0,1.0
5940,0.6,0.4
5941,0.1,0.9
5942,0.2,0.8
5943,1.0,0.0
5944,0.4,0.6
5945,0.0,1.0
5946,0.6,0.4
5947,1.0,0.0
5948,0.0,1.0
5949,0.4,0.6
5950,0.9,0.1
5951,0.0,1.0
5952,1.0,0.0
5953,0.2,0.8
5954,1.0,0.0
5955,1.0,0.0
5956,0.0,1.0
5957,0.5,0.5
5958,0.0,1.0
5959,0.6,0.4
5960,0.8,0.2
5961,0.4,0.6
5962,0.8,0.2
5963,1.0,0.0
5964,0.7,0.3
5965,1.0,0.0
5966,0.8,0.2
5967,1.0,0.0
5968,0.9,0.1
5969,0.6,0.4
5970,0.0,1.0
5971,0.5,0.5
5972,0.0,1.0
5973,0.7,0.3
5974,0.9,0.1
5975,1.0,0.0
5976,0.4,0.6
5977,0.6,0.4
5978,1.0,0.0
5979,0.0,1.0
5980,0.0,1.0
5981,0.0,1.0
5982,1.0,0.0
5983,0.9,0.1
5984,0.5,0.5
5985,0.1,0.9
5986,0.0,1.0
5987,0.1,0.9
5988,0.6,0.4
5989,1.0,0.0
5990,0.7,0.3
5991,0.7,0.3
5992,0.8,0.2
5993,0.9,0.1
5994,0.0,1.0
5995,1.0,0.0
5996,0.0,1.0
5997,0.7,0.3
5998,0.7,0.3
5999,1.0,0.0
6000,0.7,0.3
6001,1.0,0.0
6002,0.5,0.5
6003,0.3,0.7
6004,0.0,1.0
6005,0.1,0.9
6006,1.0,0.0
6007,1.0,0.0
6008,0.0,1.0
6009,1.0,0.0
6010,0.0,1.0
6011,0.1,0.9
6012,1.0,0.0
6013,0.0,1.0
6014,0.5,0.5
6015,0.0,1.0
6016,0.0,1.0
6017,0.2,0.8
6018,1.0,0.0
6019,0.0,1.0
6020,1.0,0.0
6021,1.0,0.0
6022,0.3,0.7
6023,0.8,0.2
6024,1.0,0.0
6025,0.0,1.0
6026,0.9,0.1
6027,1.0,0.0
6028,1.0,0.0
6029,0.9,0.1
6030,1.0,0.0
6031,0.0,1.0
6032,0.0,1.0
6033,0.0,1.0
6034,1.0,0.0
6035,1.0,0.0
6036,1.0,0.0
6037,0.0,1.0
6038,1.0,0.0
6039,1.0,0.0
6040,0.8,0.2
6041,0.9,0.1
6042,0.3,0.7
6043,1.0,0.0
6044,1.0,0.0
6045,0.5,0.5
6046,1.0,0.0
6047,0.7,0.3
6048,0.0,1.0
6049,0.8,0.2
6050,0.4,0.6
6051,0.5,0.5
6052,1.0,0.0
6053,1.0,0.0
6054,1.0,0.0
6055,0.0,1.0
6056,1.0,0.0
6057,0.8,0.2
6058,0.1,0.9
6059,0.6,0.4
6060,0.0,1.0
6061,0.7,0.3
6062,0.1,0.9
6063,0.0,1.0
6064,0.6,0.4
6065,0.2,0.8
6066,1.0,0.0
6067,0.5,0.5
6068,0.8,0.2
6069,0.9,0.1
6070,1.0,0.0
6071,0.9,0.1
6072,0.0,1.0
6073,0.0,1.0
6074,1.0,0.0
6075,0.6,0.4
6076,0.1,0.9
6077,0.2,0.8
6078,0.6,0.4
6079,0.0,1.0
6080,0.9,0.1
6081,0.6,0.4
6082,0.9,0.1
6083,0.5,0.5
6084,0.8,0.2
6085,1.0,0.0
6086,1.0,0.0
6087,0.0,1.0
6088,0.0,1.0
6089,1.0,0.0
6090,0.1,0.9
6091,0.5,0.5
6092,1.0,0.0
6093,0.9,0.1
6094,0.9,0.1
6095,1.0,0.0
6096,0.1,0.9
6097,0.0,1.0
6098,0.0,1.0
6099,0.1,0.9
6100,0.0,1.0
6101,0.9,0.1
6102,1.0,0.0
6103,0.8,0.2
6104,0.7,0.3
6105,0.2,0.8
6106,0.2,0.8
6107,0.0,1.0
6108,0.0,1.0
6109,0.1,0.9
6110,0.7,0.3
6111,0.8,0.2
6112,0.5,0.5
6113,0.6,0.4
6114,0.0,1.0
6115,1.0,0.0
6116,0.0,1.0
6117,0.5,0.5
6118,0.9,0.1
6119,1.0,0.0
6120,0.1,0.9
6121,0.7,0.3
6122,1.0,0.0
6123,0.0,1.0
6124,0.0,1.0
6125,1.0,0.0
6126,0.8,0.2
6127,0.1,0.9
6128,0.3,0.7
6129,0.5,0.5
6130,0.1,0.9
6131,0.0,1.0
6132,0.0,1.0
6133,1.0,0.0
6134,0.0,1.0
6135,0.4,0.6
6136,0.0,1.0
6137,0.7,0.3
6138,0.9,0.1
6139,0.0,1.0
6140,0.7,0.3
6141,1.0,0.0
6142,1.0,0.0
6143,1.0,0.0
6144,1.0,0.0
6145,1.0,0.0
6146,0.4,0.6
6147,0.7,0.3
6148,0.1,0.9
6149,0.8,0.2
6150,1.0,0.0
6151,0.5,0.5
6152,0.6,0.4
6153,1.0,0.0
6154,0.7,0.3
6155,1.0,0.0
6156,0.9,0.1
6157,0.0,1.0
6158,1.0,0.0
6159,0.0,1.0
6160,0.1,0.9
6161,0.0,1.0
6162,0.9,0.1
6163,0.2,0.8
6164,0.0,1.0
6165,1.0,0.0
6166,0.9,0.1
6167,0.5,0.5
6168,1.0,0.0
6169,1.0,0.0
6170,1.0,0.0
6171,0.9,0.1
6172,0.6,0.4
6173,1.0,0.0
6174,0.6,0.4
6175,0.0,1.0
6176,0.3,0.7
6177,1.0,0.0
6178,0.0,1.0
6179,0.0,1.0
6180,0.1,0.9
6181,0.0,1.0
6182,0.0,1.0
6183,0.8,0.2
6184,0.0,1.0
6185,0.0,1.0
6186,1.0,0.0
6187,0.4,0.6
6188,1.0,0.0
6189,0.7,0.3
6190,0.4,0.6
6191,1.0,0.0
6192,0.1,0.9
6193,0.8,0.2
6194,0.0,1.0
6195,0.0,1.0
6196,0.1,0.9
6197,0.0,1.0
6198,0.0,1.0
6199,0.6,0.4
6200,0.0,1.0
6201,0.0,1.0
6202,0.2,0.8
6203,0.8,0.2
6204,0.8,0.2
6205,0.0,1.0
6206,0.1,0.9
6207,0.9,0.1
6208,0.0,1.0
6209,0.0,1.0
6210,1.0,0.0
6211,0.0,1.0
6212,1.0,0.0
6213,0.2,0.8
6214,0.0,1.0
6215,0.1,0.9
6216,0.0,1.0
6217,0.8,0.2
6218,0.1,0.9
6219,0.0,1.0
6220,1.0,0.0
6221,0.0,1.0
6222,1.0,0.0
6223,0.4,0.6
6224,1.0,0.0
6225,1.0,0.0
6226,0.0,1.0
6227,0.2,0.8
6228,0.0,1.0
6229,1.0,0.0
6230,0.1,0.9
6231,0.8,0.2
6232,0.8,0.2
6233,0.0,1.0
6234,0.2,0.8
6235,0.7,0.3
6236,1.0,0.0
6237,0.7,0.3
6238,0.1,0.9
6239,1.0,0.0
6240,0.0,1.0
6241,0.0,1.0
6242,1.0,0.0
6243,0.6,0.4
6244,1.0,0.0
6245,1.0,0.0
6246,0.0,1.0
6247,0.9,0.1
6248,0.1,0.9
6249,1.0,0.0
6250,1.0,0.0
6251,1.0,0.0
6252,0.7,0.3
6253,0.0,1.0
6254,1.0,0.0
6255,0.8,0.2
6256,0.0,1.0
6257,0.1,0.9
6258,0.0,1.0
6259,1.0,0.0
6260,0.0,1.0
6261,0.0,1.0
6262,0.9,0.1
6263,0.9,0.1
6264,1.0,0.0
6265,0.0,1.0
6266,1.0,0.0
6267,0.6,0.4
6268,0.4,0.6
6269,0.9,0.1
6270,0.4,0.6
6271,0.6,0.4
6272,0.2,0.8
6273,0.4,0.6
6274,0.1,0.9
6275,0.7,0.3
6276,0.6,0.4
6277,0.8,0.2
6278,0.6,0.4
6279,0.9,0.1
6280,1.0,0.0
6281,0.9,0.1
6282,0.5,0.5
6283,1.0,0.0
6284,0.0,1.0
6285,0.5,0.5
6286,1.0,0.0
6287,1.0,0.0
6288,0.0,1.0
6289,0.3,0.7
6290,1.0,0.0
6291,0.7,0.3
6292,1.0,0.0
6293,0.9,0.1
6294,0.0,1.0
6295,0.6,0.4
6296,0.4,0.6
6297,0.8,0.2
6298,0.4,0.6
6299,0.9,0.1
6300,1.0,0.0
6301,0.6,0.4
6302,0.1,0.9
6303,0.6,0.4
6304,0.0,1.0
6305,0.0,1.0
6306,0.0,1.0
6307,1.0,0.0
6308,0.2,0.8
6309,0.6,0.4
6310,0.9,0.1
6311,0.0,1.0
6312,0.7,0.3
6313,0.9,0.1
6314,0.2,0.8
6315,0.8,0.2
6316,1.0,0.0
6317,0.0,1.0
6318,1.0,0.0
6319,0.0,1.0
6320,0.0,1.0
6321,0.9,0.1
6322,0.3,0.7
6323,0.9,0.1
6324,0.0,1.0
6325,0.0,1.0
6326,0.0,1.0
6327,1.0,0.0
6328,0.2,0.8
6329,0.6,0.4
6330,0.0,1.0
6331,0.1,0.9
6332,0.0,1.0
6333,1.0,0.0
6334,1.0,0.0
6335,1.0,0.0
6336,0.1,0.9
6337,0.0,1.0
6338,0.0,1.0
6339,1.0,0.0
6340,0.9,0.1
6341,1.0,0.0
6342,0.1,0.9
6343,0.0,1.0
6344,0.0,1.0
6345,1.0,0.0
6346,0.0,1.0
6347,0.0,1.0
6348,0.0,1.0
6349,1.0,0.0
6350,0.6,0.4
6351,1.0,0.0
6352,1.0,0.0
6353,0.1,0.9
6354,0.1,0.9
6355,1.0,0.0
6356,1.0,0.0
6357,0.2,0.8
6358,0.0,1.0
6359,0.8,0.2
6360,0.0,1.0
6361,0.0,1.0
6362,1.0,0.0
6363,0.2,0.8
6364,0.2,0.8
6365,1.0,0.0
6366,0.8,0.2
6367,0.2,0.8
6368,1.0,0.0
6369,0.0,1.0
6370,0.6,0.4
6371,0.7,0.3
6372,0.5,0.5
6373,0.9,0.1
6374,1.0,0.0
6375,1.0,0.0
6376,1.0,0.0
6377,1.0,0.0
6378,0.9,0.1
6379,0.0,1.0
6380,0.8,0.2
6381,0.1,0.9
6382,1.0,0.0
6383,0.6,0.4
6384,1.0,0.0
6385,1.0,0.0
6386,0.2,0.8
6387,0.0,1.0
6388,1.0,0.0
6389,0.6,0.4
6390,1.0,0.0
6391,0.1,0.9
6392,0.1,0.9
6393,1.0,0.0
6394,0.2,0.8
6395,0.9,0.1
6396,1.0,0.0
6397,1.0,0.0
6398,0.0,1.0
6399,1.0,0.0
6400,0.0,1.0
6401,0.5,0.5
6402,0.5,0.5
6403,1.0,0.0
6404,1.0,0.0
6405,0.7,0.3
6406,0.1,0.9
6407,0.2,0.8
6408,0.0,1.0
6409,0.1,0.9
6410,1.0,0.0
6411,1.0,0.0
6412,1.0,0.0
6413,0.0,1.0
6414,0.0,1.0
6415,0.5,0.5
6416,0.0,1.0
6417,1.0,0.0
6418,0.9,0.1
6419,0.0,1.0
6420,0.0,1.0
6421,0.0,1.0
6422,1.0,0.0
6423,0.0,1.0
6424,0.6,0.4
6425,0.0,1.0
6426,1.0,0.0
6427,0.9,0.1
6428,0.0,1.0
6429,0.7,0.3
6430,0.9,0.1
6431,0.0,1.0
6432,0.5,0.5
6433,0.1,0.9
6434,0.2,0.8
6435,0.8,0.2
6436,1.0,0.0
6437,0.3,0.7
6438,0.0,1.0
6439,1.0,0.0
6440,0.9,0.1
6441,0.0,1.0
6442,0.2,0.8
6443,0.2,0.8
6444,0.0,1.0
6445,0.8,0.2
6446,0.0,1.0
6447,0.0,1.0
6448,1.0,0.0
6449,0.4,0.6
6450,0.0,1.0
6451,1.0,0.0
6452,0.8,0.2
6453,0.0,1.0
6454,0.4,0.6
6455,0.0,1.0
6456,0.0,1.0
6457,0.5,0.5
6458,1.0,0.0
6459,0.1,0.9
6460,0.9,0.1
6461,1.0,0.0
6462,1.0,0.0
6463,0.0,1.0
6464,0.6,0.4
6465,0.1,0.9
6466,0.5,0.5
6467,0.9,0.1
6468,0.9,0.1
6469,0.0,1.0
6470,0.0,1.0
6471,1.0,0.0
6472,1.0,0.0
6473,1.0,0.0
6474,1.0,0.0
6475,0.0,1.0
6476,0.6,0.4
6477,0.0,1.0
6478,0.7,0.3
6479,0.0,1.0
6480,0.9,0.1
6481,0.0,1.0
6482,0.0,1.0
6483,0.0,1.0
6484,1.0,0.0
6485,0.0,1.0
6486,0.4,0.6
6487,0.4,0.6
6488,1.0,0.0
6489,1.0,0.0
6490,0.9,0.1
6491,0.9,0.1
6492,0.0,1.0
6493,0.0,1.0
6494,0.5,0.5
6495,0.2,0.8
6496,1.0,0.0
6497,0.0,1.0
6498,1.0,0.0
6499,0.3,0.7
6500,1.0,0.0
6501,1.0,0.0
6502,0.1,0.9
6503,1.0,0.0
6504,0.2,0.8
6505,0.9,0.1
6506,0.0,1.0
6507,0.0,1.0
6508,0.2,0.8
6509,1.0,0.0
6510,0.0,1.0
6511,0.9,0.1
6512,0.0,1.0
6513,0.9,0.1
6514,1.0,0.0
6515,1.0,0.0
6516,0.9,0.1
6517,0.6,0.4
6518,0.8,0.2
6519,0.9,0.1
6520,1.0,0.0
6521,0.9,0.1
6522,0.0,1.0
6523,0.3,0.7
6524,1.0,0.0
6525,0.0,1.0
6526,0.2,0.8
6527,0.6,0.4
6528,0.6,0.4
6529,0.2,0.8
6530,0.8,0.2
6531,0.1,0.9
6532,0.0,1.0
6533,0.3,0.7
6534,0.1,0.9
6535,0.2,0.8
6536,0.2,0.8
6537,1.0,0.0
6538,0.9,0.1
6539,0.6,0.4
6540,0.9,0.1
6541,0.7,0.3
6542,1.0,0.0
6543,1.0,0.0
6544,1.0,0.0
6545,0.0,1.0
6546,0.0,1.0
6547,1.0,0.0
6548,0.0,1.0
6549,0.7,0.3
6550,0.7,0.3
6551,1.0,0.0
6552,0.4,0.6
6553,0.0,1.0
6554,0.1,0.9
6555,0.0,1.0
6556,0.9,0.1
6557,0.8,0.2
6558,0.5,0.5
6559,0.0,1.0
6560,0.0,1.0
6561,0.4,0.6
6562,0.1,0.9
6563,0.6,0.4
6564,0.1,0.9
6565,0.0,1.0
6566,0.9,0.1
6567,0.0,1.0
6568,0.0,1.0
6569,0.0,1.0
6570,1.0,0.0
6571,0.0,1.0
6572,0.9,0.1
6573,0.0,1.0
6574,1.0,0.0
6575,0.8,0.2
6576,0.1,0.9
6577,0.3,0.7
6578,0.5,0.5
6579,0.1,0.9
6580,0.1,0.9
6581,0.5,0.5
6582,0.0,1.0
6583,0.8,0.2
6584,0.7,0.3
6585,0.9,0.1
6586,0.4,0.6
6587,0.0,1.0
6588,0.1,0.9
6589,1.0,0.0
6590,0.0,1.0
6591,1.0,0.0
6592,1.0,0.0
6593,0.6,0.4
6594,1.0,0.0
6595,1.0,0.0
6596,1.0,0.0
6597,0.1,0.9
6598,0.5,0.5
6599,1.0,0.0
6600,0.8,0.2
6601,0.8,0.2
6602,1.0,0.0
6603,1.0,0.0
6604,0.2,0.8
6605,0.7,0.3
6606,0.0,1.0
6607,1.0,0.0
6608,0.1,0.9
6609,0.0,1.0
6610,0.0,1.0
6611,0.1,0.9
6612,0.0,1.0
6613,0.1,0.9
6614,0.8,0.2
6615,0.9,0.1
6616,0.0,1.0
6617,0.1,0.9
6618,0.8,0.2
6619,0.3,0.7
6620,0.0,1.0
6621,0.0,1.0
6622,0.3,0.7
6623,0.0,1.0
6624,1.0,0.0
6625,0.0,1.0
6626,1.0,0.0
6627,0.1,0.9
6628,0.9,0.1
6629,0.0,1.0
6630,0.0,1.0
6631,0.0,1.0
6632,0.4,0.6
6633,0.0,1.0
6634,0.0,1.0
6635,0.0,1.0
6636,1.0,0.0
6637,0.0,1.0
6638,0.4,0.6
6639,0.1,0.9
6640,1.0,0.0
6641,0.6,0.4
6642,1.0,0.0
6643,0.9,0.1
6644,0.7,0.3
6645,1.0,0.0
6646,0.9,0.1
6647,0.8,0.2
6648,0.6,0.4
6649,0.9,0.1
6650,0.0,1.0
6651,1.0,0.0
6652,1.0,0.0
6653,0.4,0.6
6654,1.0,0.0
6655,0.0,1.0
6656,0.9,0.1
6657,0.0,1.0
6658,1.0,0.0
6659,1.0,0.0
6660,0.0,1.0
6661,0.3,0.7
6662,0.4,0.6
6663,0.2,0.8
6664,1.0,0.0
6665,0.0,1.0
6666,0.1,0.9
6667,1.0,0.0
6668,0.3,0.7
6669,0.9,0.1
6670,0.2,0.8
6671,1.0,0.0
6672,1.0,0.0
6673,1.0,0.0
6674,0.6,0.4
6675,0.0,1.0
6676,1.0,0.0
6677,1.0,0.0
6678,1.0,0.0
6679,0.4,0.6
6680,1.0,0.0
6681,0.0,1.0
6682,0.8,0.2
6683,0.0,1.0
6684,1.0,0.0
6685,0.4,0.6
6686,0.6,0.4
6687,1.0,0.0
6688,0.0,1.0
6689,0.3,0.7
6690,1.0,0.0
6691,0.1,0.9
6692,1.0,0.0
6693,0.7,0.3
6694,1.0,0.0
6695,1.0,0.0
6696,0.7,0.3
6697,0.8,0.2
6698,0.8,0.2
6699,0.3,0.7
6700,1.0,0.0
6701,0.9,0.1
6702,0.4,0.6
6703,1.0,0.0
6704,1.0,0.0
6705,0.1,0.9
6706,1.0,0.0
6707,0.0,1.0
6708,0.8,0.2
6709,1.0,0.0
6710,0.0,1.0
6711,0.1,0.9
6712,0.0,1.0
6713,0.7,0.3
6714,1.0,0.0
6715,0.4,0.6
6716,0.8,0.2
6717,0.0,1.0
6718,0.6,0.4
6719,0.7,0.3
6720,0.0,1.0
6721,0.0,1.0
6722,1.0,0.0
6723,0.9,0.1
6724,0.4,0.6
6725,0.6,0.4
6726,0.0,1.0
6727,1.0,0.0
6728,0.0,1.0
6729,0.9,0.1
6730,0.2,0.8
6731,0.4,0.6
6732,0.3,0.7
6733,1.0,0.0
6734,0.3,0.7
6735,1.0,0.0
6736,0.1,0.9
6737,0.0,1.0
6738,0.2,0.8
6739,0.5,0.5
6740,0.1,0.9
6741,0.8,0.2
6742,0.9,0.1
6743,0.0,1.0
6744,0.3,0.7
6745,0.7,0.3
6746,0.6,0.4
6747,0.0,1.0
6748,0.1,0.9
6749,0.5,0.5
6750,0.9,0.1
6751,0.0,1.0
6752,0.0,1.0
6753,1.0,0.0
6754,0.8,0.2
6755,0.0,1.0
6756,0.0,1.0
6757,1.0,0.0
6758,1.0,0.0
6759,1.0,0.0
6760,1.0,0.0
6761,1.0,0.0
6762,0.1,0.9
6763,0.7,0.3
6764,1.0,0.0
6765,0.0,1.0
6766,1.0,0.0
6767,1.0,0.0
6768,1.0,0.0
6769,0.4,0.6
6770,0.8,0.2
6771,0.3,0.7
6772,0.9,0.1
6773,1.0,0.0
6774,1.0,0.0
6775,0.2,0.8
6776,0.8,0.2
6777,0.4,0.6
6778,0.0,1.0
6779,0.0,1.0
6780,1.0,0.0
6781,0.3,0.7
6782,1.0,0.0
6783,0.9,0.1
6784,1.0,0.0
6785,1.0,0.0
6786,1.0,0.0
6787,0.7,0.3
6788,0.9,0.1
6789,0.0,1.0
6790,1.0,0.0
6791,1.0,0.0
6792,0.0,1.0
6793,1.0,0.0
6794,0.0,1.0
6795,0.9,0.1
6796,0.3,0.7
6797,0.9,0.1
6798,0.0,1.0
6799,0.3,0.7
6800,0.2,0.8
6801,1.0,0.0
6802,0.5,0.5
6803,0.1,0.9
6804,1.0,0.0
6805,0.0,1.0
6806,0.0,1.0
6807,1.0,0.0
6808,0.7,0.3
6809,1.0,0.0
6810,0.9,0.1
6811,0.5,0.5
6812,0.3,0.7
6813,0.9,0.1
6814,0.0,1.0
6815,0.0,1.0
6816,0.0,1.0
6817,0.2,0.8
6818,0.5,0.5
6819,0.8,0.2
6820,0.2,0.8
6821,1.0,0.0
6822,1.0,0.0
6823,0.7,0.3
6824,1.0,0.0
6825,1.0,0.0
6826,0.0,1.0
6827,1.0,0.0
6828,1.0,0.0
6829,1.0,0.0
6830,0.6,0.4
6831,0.1,0.9
6832,1.0,0.0
6833,1.0,0.0
6834,1.0,0.0
6835,0.3,0.7
6836,0.4,0.6
6837,0.4,0.6
6838,1.0,0.0
6839,0.2,0.8
6840,0.7,0.3
6841,1.0,0.0
6842,0.0,1.0
6843,1.0,0.0
6844,0.0,1.0
6845,0.5,0.5
6846,0.0,1.0
6847,1.0,0.0
6848,1.0,0.0
6849,1.0,0.0
6850,0.8,0.2
6851,1.0,0.0
6852,0.0,1.0
6853,1.0,0.0
6854,0.6,0.4
6855,1.0,0.0
6856,0.1,0.9
6857,0.0,1.0
6858,0.9,0.1
6859,0.0,1.0
6860,1.0,0.0
6861,0.3,0.7
6862,0.8,0.2
6863,1.0,0.0
6864,0.7,0.3
6865,0.9,0.1
6866,0.0,1.0
6867,1.0,0.0
6868,1.0,0.0
6869,0.8,0.2
6870,0.9,0.1
6871,1.0,0.0
6872,0.5,0.5
6873,0.6,0.4
6874,0.0,1.0
6875,0.9,0.1
6876,0.3,0.7
6877,0.9,0.1
6878,1.0,0.0
6879,1.0,0.0
6880,0.5,0.5
6881,0.7,0.3
6882,1.0,0.0
6883,0.0,1.0
6884,0.7,0.3
6885,1.0,0.0
6886,0.4,0.6
6887,0.3,0.7
6888,1.0,0.0
6889,1.0,0.0
6890,0.4,0.6
6891,1.0,0.0
6892,0.1,0.9
6893,0.9,0.1
6894,0.8,0.2
6895,0.0,1.0
6896,0.0,1.0
6897,0.0,1.0
6898,0.8,0.2
6899,0.9,0.1
6900,1.0,0.0
6901,1.0,0.0
6902,0.9,0.1
6903,0.8,0.2
6904,0.5,0.5
6905,1.0,0.0
6906,0.8,0.2
6907,0.4,0.6
6908,1.0,0.0
6909,0.7,0.3
6910,1.0,0.0
6911,1.0,0.0
6912,1.0,0.0
6913,1.0,0.0
6914,0.6,0.4
6915,0.0,1.0
6916,0.6,0.4
6917,0.1,0.9
6918,0.0,1.0
6919,1.0,0.0
6920,1.0,0.0
6921,0.0,1.0
6922,0.0,1.0
6923,0.8,0.2
6924,0.4,0.6
6925,0.0,1.0
6926,0.4,0.6
6927,0.1,0.9
6928,0.3,0.7
6929,0.0,1.0
6930,0.4,0.6
6931,0.0,1.0
6932,1.0,0.0
6933,0.7,0.3
6934,0.4,0.6
6935,1.0,0.0
6936,0.0,1.0
6937,1.0,0.0
6938,0.0,1.0
6939,0.8,0.2
6940,1.0,0.0
6941,1.0,0.0
6942,0.0,1.0
6943,1.0,0.0
6944,0.0,1.0
6945,0.4,0.6
6946,1.0,0.0
6947,1.0,0.0
6948,0.9,0.1
6949,0.8,0.2
6950,0.0,1.0
6951,0.8,0.2
6952,0.7,0.3
6953,1.0,0.0
6954,0.8,0.2
6955,0.2,0.8
6956,0.1,0.9
6957,1.0,0.0
6958,1.0,0.0
6959,0.9,0.1
6960,0.1,0.9
6961,0.0,1.0
6962,1.0,0.0
6963,1.0,0.0
6964,0.0,1.0
6965,0.0,1.0
6966,0.1,0.9
6967,1.0,0.0
6968,0.6,0.4
6969,0.3,0.7
6970,1.0,0.0
6971,1.0,0.0
6972,1.0,0.0
6973,1.0,0.0
6974,1.0,0.0
6975,0.8,0.2
6976,0.1,0.9
6977,1.0,0.0
6978,1.0,0.0
6979,0.8,0.2
6980,0.1,0.9
6981,0.0,1.0
6982,0.0,1.0
6983,0.0,1.0
6984,0.0,1.0
6985,0.1,0.9
6986,0.9,0.1
6987,0.0,1.0
6988,0.0,1.0
6989,0.3,0.7
6990,0.1,0.9
6991,0.0,1.0
6992,1.0,0.0
6993,0.2,0.8
6994,0.9,0.1
6995,0.0,1.0
6996,1.0,0.0
6997,0.3,0.7
6998,0.3,0.7
6999,0.6,0.4
7000,0.2,0.8
7001,0.3,0.7
7002,1.0,0.0
7003,0.1,0.9
7004,1.0,0.0
7005,1.0,0.0
7006,0.2,0.8
7007,0.0,1.0
7008,0.3,0.7
7009,0.0,1.0
7010,0.7,0.3
7011,1.0,0.0
7012,0.0,1.0
7013,0.8,0.2
7014,1.0,0.0
7015,0.8,0.2
7016,0.0,1.0
7017,0.2,0.8
7018,0.0,1.0
7019,0.5,0.5
7020,0.0,1.0
7021,1.0,0.0
7022,0.0,1.0
7023,0.9,0.1
7024,1.0,0.0
7025,0.0,1.0
7026,0.0,1.0
7027,0.1,0.9
7028,0.3,0.7
7029,0.3,0.7
7030,0.2,0.8
7031,0.0,1.0
7032,1.0,0.0
7033,0.3,0.7
7034,0.6,0.4
7035,1.0,0.0
7036,0.4,0.6
7037,0.1,0.9
7038,0.5,0.5
7039,0.7,0.3
7040,0.9,0.1
7041,0.2,0.8
7042,1.0,0.0
7043,0.0,1.0
7044,1.0,0.0
7045,1.0,0.0
7046,0.7,0.3
7047,0.1,0.9
7048,1.0,0.0
7049,1.0,0.0
7050,0.0,1.0
7051,0.0,1.0
7052,0.5,0.5
7053,0.1,0.9
7054,0.0,1.0
7055,1.0,0.0
7056,0.0,1.0
7057,0.3,0.7
7058,1.0,0.0
7059,1.0,0.0
7060,1.0,0.0
7061,1.0,0.0
7062,0.0,1.0
7063,0.0,1.0
7064,1.0,0.0
7065,0.5,0.5
7066,0.6,0.4
7067,0.9,0.1
7068,0.8,0.2
7069,0.0,1.0
7070,1.0,0.0
7071,1.0,0.0
7072,0.0,1.0
7073,0.4,0.6
7074,1.0,0.0
7075,0.4,0.6
7076,0.8,0.2
7077,0.9,0.1
7078,0.0,1.0
7079,0.1,0.9
7080,1.0,0.0
7081,0.9,0.1
7082,1.0,0.0
7083,0.0,1.0
7084,1.0,0.0
7085,0.9,0.1
7086,0.9,0.1
7087,0.0,1.0
7088,0.0,1.0
7089,0.5,0.5
7090,1.0,0.0
7091,0.0,1.0
7092,0.9,0.1
7093,1.0,0.0
7094,0.5,0.5
7095,1.0,0.0
7096,0.9,0.1
7097,0.1,0.9
7098,0.0,1.0
7099,1.0,0.0
7100,1.0,0.0
7101,1.0,0.0
7102,0.9,0.1
7103,0.0,1.0
7104,1.0,0.0
7105,0.1,0.9
7106,0.0,1.0
7107,0.5,0.5
7108,0.6,0.4
7109,0.1,0.9
7110,0.7,0.3
7111,0.0,1.0
7112,0.0,1.0
7113,0.0,1.0
7114,1.0,0.0
7115,0.9,0.1
7116,0.1,0.9
7117,0.6,0.4
7118,0.2,0.8
7119,1.0,0.0
7120,0.6,0.4
7121,1.0,0.0
7122,1.0,0.0
7123,1.0,0.0
7124,0.0,1.0
7125,0.9,0.1
7126,1.0,0.0
7127,0.0,1.0
7128,1.0,0.0
7129,0.8,0.2
7130,0.5,0.5
7131,0.3,0.7
7132,0.9,0.1
7133,0.2,0.8
7134,1.0,0.0
7135,1.0,0.0
7136,0.5,0.5
7137,0.0,1.0
7138,1.0,0.0
7139,1.0,0.0
7140,0.9,0.1
7141,0.6,0.4
7142,0.9,0.1
7143,0.4,0.6
7144,0.0,1.0
7145,0.6,0.4
7146,0.2,0.8
7147,0.0,1.0
7148,0.8,0.2
7149,1.0,0.0
7150,1.0,0.0
7151,0.5,0.5
7152,0.4,0.6
7153,1.0,0.0
7154,0.0,1.0
7155,0.8,0.2
7156,0.7,0.3
7157,0.3,0.7
7158,0.0,1.0
7159,1.0,0.0
7160,1.0,0.0
7161,0.1,0.9
7162,1.0,0.0
7163,0.9,0.1
7164,0.0,1.0
7165,1.0,0.0
7166,1.0,0.0
7167,0.0,1.0
7168,1.0,0.0
7169,0.8,0.2
7170,0.0,1.0
7171,0.0,1.0
7172,1.0,0.0
7173,0.2,0.8
7174,0.2,0.8
7175,0.4,0.6
7176,1.0,0.0
7177,0.6,0.4
7178,0.4,0.6
7179,0.0,1.0
7180,0.6,0.4
7181,0.0,1.0
7182,0.1,0.9
7183,1.0,0.0
7184,1.0,0.0
7185,0.3,0.7
7186,0.5,0.5
7187,0.1,0.9
7188,0.3,0.7
7189,0.2,0.8
7190,0.3,0.7
7191,0.0,1.0
7192,0.9,0.1
7193,0.0,1.0
7194,0.8,0.2
7195,0.9,0.1
7196,0.9,0.1
7197,0.0,1.0
7198,0.6,0.4
7199,1.0,0.0
7200,0.7,0.3
7201,1.0,0.0
7202,0.0,1.0
7203,1.0,0.0
7204,1.0,0.0
7205,1.0,0.0
7206,0.0,1.0
7207,0.0,1.0
7208,0.0,1.0
7209,0.0,1.0
7210,0.8,0.2
7211,0.0,1.0
7212,1.0,0.0
7213,1.0,0.0
7214,0.7,0.3
7215,1.0,0.0
7216,0.7,0.3
7217,1.0,0.0
7218,1.0,0.0
7219,0.0,1.0
7220,1.0,0.0
7221,0.5,0.5
7222,1.0,0.0
7223,0.6,0.4
7224,0.9,0.1
7225,0.1,0.9
7226,0.1,0.9
7227,0.0,1.0
7228,0.0,1.0
7229,0.0,1.0
7230,0.0,1.0
7231,0.0,1.0
7232,0.0,1.0
7233,0.0,1.0
7234,1.0,0.0
7235,0.7,0.3
7236,0.6,0.4
7237,1.0,0.0
7238,0.1,0.9
7239,0.0,1.0
7240,0.6,0.4
7241,0.1,0.9
7242,0.6,0.4
7243,0.9,0.1
7244,1.0,0.0
7245,0.8,0.2
7246,0.4,0.6
7247,1.0,0.0
7248,0.3,0.7
7249,0.1,0.9
7250,0.4,0.6
7251,1.0,0.0
7252,0.0,1.0
7253,1.0,0.0
7254,1.0,0.0
7255,0.9,0.1
7256,0.0,1.0
7257,1.0,0.0
7258,0.3,0.7
7259,0.5,0.5
7260,1.0,0.0
7261,1.0,0.0
7262,0.8,0.2
7263,0.2,0.8
7264,0.1,0.9
7265,1.0,0.0
7266,0.2,0.8
7267,0.9,0.1
7268,0.0,1.0
7269,1.0,0.0
7270,0.1,0.9
7271,0.0,1.0
7272,0.6,0.4
7273,0.0,1.0
7274,0.8,0.2
7275,0.9,0.1
7276,1.0,0.0
7277,0.0,1.0
7278,0.0,1.0
7279,0.1,0.9
7280,0.0,1.0
7281,1.0,0.0
7282,0.0,1.0
7283,0.8,0.2
7284,0.2,0.8
7285,1.0,0.0
7286,0.9,0.1
7287,1.0,0.0
7288,1.0,0.0
7289,1.0,0.0
7290,1.0,0.0
7291,0.5,0.5
7292,0.0,1.0
7293,0.0,1.0
7294,0.0,1.0
7295,0.9,0.1
7296,0.8,0.2
7297,0.8,0.2
7298,1.0,0.0
7299,1.0,0.0
7300,0.2,0.8
7301,0.5,0.5
7302,0.0,1.0
7303,0.2,0.8
7304,0.0,1.0
7305,0.1,0.9
7306,0.0,1.0
7307,1.0,0.0
7308,1.0,0.0
7309,0.4,0.6
7310,0.0,1.0
7311,0.7,0.3
7312,1.0,0.0
7313,0.0,1.0
7314,0.0,1.0
7315,0.9,0.1
7316,0.6,0.4
7317,0.6,0.4
7318,0.5,0.5
7319,1.0,0.0
7320,0.0,1.0
7321,1.0,0.0
7322,0.5,0.5
7323,0.8,0.2
7324,0.6,0.4
7325,1.0,0.0
7326,0.0,1.0
7327,0.6,0.4
7328,0.7,0.3
7329,1.0,0.0
7330,0.1,0.9
7331,0.0,1.0
7332,1.0,0.0
7333,0.3,0.7
7334,0.8,0.2
7335,1.0,0.0
7336,0.6,0.4
7337,0.5,0.5
7338,0.9,0.1
7339,0.9,0.1
7340,0.6,0.4
7341,1.0,0.0
7342,0.3,0.7
7343,0.9,0.1
7344,0.8,0.2
7345,0.1,0.9
7346,0.7,0.3
7347,0.9,0.1
7348,1.0,0.0
7349,0.6,0.4
7350,0.9,0.1
7351,0.9,0.1
7352,0.2,0.8
7353,0.6,0.4
7354,0.0,1.0
7355,1.0,0.0
7356,0.0,1.0
7357,1.0,0.0
7358,0.2,0.8
7359,0.3,0.7
7360,0.7,0.3
7361,0.3,0.7
7362,0.3,0.7
7363,0.9,0.1
7364,0.0,1.0
7365,0.9,0.1
7366,0.1,0.9
7367,0.0,1.0
7368,0.0,1.0
7369,0.5,0.5
7370,1.0,0.0
7371,0.0,1.0
7372,0.6,0.4
7373,0.5,0.5
7374,0.6,0.4
7375,0.0,1.0
7376,1.0,0.0
7377,0.7,0.3
7378,0.5,0.5
7379,0.6,0.4
7380,0.5,0.5
7381,1.0,0.0
7382,0.0,1.0
7383,0.7,0.3
7384,0.6,0.4
7385,0.8,0.2
7386,0.0,1.0
7387,0.0,1.0
7388,1.0,0.0
7389,1.0,0.0
7390,0.5,0.5
7391,0.0,1.0
7392,0.3,0.7
7393,1.0,0.0
7394,1.0,0.0
7395,0.0,1.0
7396,0.7,0.3
7397,0.8,0.2
7398,0.1,0.9
7399,0.1,0.9
7400,0.4,0.6
7401,1.0,0.0
7402,0.9,0.1
7403,0.0,1.0
7404,0.0,1.0
7405,0.5,0.5
7406,0.9,0.1
7407,0.0,1.0
7408,0.4,0.6
7409,0.0,1.0
7410,0.3,0.7
7411,0.2,0.8
7412,1.0,0.0
7413,0.0,1.0
7414,1.0,0.0
7415,0.7,0.3
7416,0.0,1.0
7417,0.9,0.1
7418,1.0,0.0
7419,0.8,0.2
7420,1.0,0.0
7421,1.0,0.0
7422,0.5,0.5
7423,0.0,1.0
7424,0.6,0.4
7425,0.7,0.3
7426,0.5,0.5
7427,1.0,0.0
7428,0.7,0.3
7429,0.5,0.5
7430,1.0,0.0
7431,0.6,0.4
7432,0.0,1.0
7433,0.4,0.6
7434,0.0,1.0
7435,0.0,1.0
7436,0.7,0.3
7437,0.0,1.0
7438,0.0,1.0
7439,0.6,0.4
7440,0.0,1.0
7441,0.0,1.0
7442,0.1,0.9
7443,0.0,1.0
7444,1.0,0.0
7445,0.8,0.2
7446,1.0,0.0
7447,0.8,0.2
7448,0.3,0.7
7449,0.2,0.8
7450,0.0,1.0
7451,0.1,0.9
7452,0.0,1.0
7453,1.0,0.0
7454,0.8,0.2
7455,0.3,0.7
7456,0.9,0.1
7457,1.0,0.0
7458,1.0,0.0
7459,1.0,0.0
7460,0.1,0.9
7461,0.8,0.2
7462,1.0,0.0
7463,0.6,0.4
7464,1.0,0.0
7465,1.0,0.0
7466,0.0,1.0
7467,0.0,1.0
7468,0.0,1.0
7469,0.0,1.0
7470,0.4,0.6
7471,0.5,0.5
7472,0.0,1.0
7473,0.6,0.4
7474,0.0,1.0
7475,1.0,0.0
7476,0.8,0.2
7477,0.8,0.2
7478,0.1,0.9
7479,0.0,1.0
7480,0.2,0.8
7481,0.9,0.1
7482,1.0,0.0
7483,0.7,0.3
7484,0.0,1.0
7485,1.0,0.0
7486,0.9,0.1
7487,0.0,1.0
7488,1.0,0.0
7489,1.0,0.0
7490,0.0,1.0
7491,0.0,1.0
7492,0.0,1.0
7493,0.9,0.1
7494,1.0,0.0
7495,1.0,0.0
7496,0.1,0.9
7497,0.1,0.9
7498,1.0,0.0
7499,0.1,0.9
7500,0.0,1.0
7501,1.0,0.0
7502,0.0,1.0
7503,0.0,1.0
7504,1.0,0.0
7505,1.0,0.0
7506,0.6,0.4
7507,0.4,0.6
7508,0.9,0.1
7509,1.0,0.0
7510,0.0,1.0
7511,0.9,0.1
7512,0.9,0.1
7513,0.0,1.0
7514,1.0,0.0
7515,0.3,0.7
7516,0.0,1.0
7517,0.9,0.1
7518,0.8,0.2
7519,0.3,0.7
7520,0.8,0.2
7521,0.0,1.0
7522,1.0,0.0
7523,0.9,0.1
7524,1.0,0.0
7525,0.0,1.0
7526,0.7,0.3
7527,0.4,0.6
7528,1.0,0.0
7529,1.0,0.0
7530,0.0,1.0
7531,0.9,0.1
7532,0.1,0.9
7533,0.1,0.9
7534,0.0,1.0
7535,1.0,0.0
7536,0.7,0.3
7537,0.3,0.7
7538,0.7,0.3
7539,0.0,1.0
7540,1.0,0.0
7541,1.0,0.0
7542,1.0,0.0
7543,0.8,0.2
7544,0.2,0.8
7545,0.2,0.8
7546,0.0,1.0
7547,1.0,0.0
7548,1.0,0.0
7549,1.0,0.0
7550,0.0,1.0
7551,0.9,0.1
7552,0.0,1.0
7553,0.0,1.0
7554,0.1,0.9
7555,0.6,0.4
7556,0.5,0.5
7557,0.0,1.0
7558,1.0,0.0
7559,0.0,1.0
7560,0.9,0.1
7561,0.0,1.0
7562,0.3,0.7
7563,1.0,0.0
7564,1.0,0.0
7565,0.3,0.7
7566,1.0,0.0
7567,1.0,0.0
7568,0.6,0.4
7569,0.0,1.0
7570,0.6,0.4
7571,0.8,0.2
7572,1.0,0.0
7573,1.0,0.0
7574,0.0,1.0
7575,0.9,0.1
7576,1.0,0.0
7577,1.0,0.0
7578,1.0,0.0
7579,0.7,0.3
7580,1.0,0.0
7581,0.3,0.7
7582,1.0,0.0
7583,0.6,0.4
7584,0.7,0.3
7585,0.0,1.0
7586,0.3,0.7
7587,0.0,1.0
7588,0.9,0.1
7589,0.3,0.7
7590,0.0,1.0
7591,1.0,0.0
7592,0.8,0.2
7593,1.0,0.0
7594,0.2,0.8
7595,1.0,0.0
7596,0.1,0.9
7597,1.0,0.0
7598,0.4,0.6
7599,0.8,0.2
7600,0.0,1.0
7601,0.0,1.0
7602,0.1,0.9
7603,0.4,0.6
7604,0.6,0.4
7605,0.4,0.6
7606,0.2,0.8
7607,0.2,0.8
7608,0.0,1.0
7609,0.0,1.0
7610,1.0,0.0
7611,0.0,1.0
7612,0.9,0.1
7613,0.3,0.7
7614,1.0,0.0
7615,0.6,0.4
7616,1.0,0.0
7617,0.0,1.0
7618,0.1,0.9
7619,0.0,1.0
7620,1.0,0.0
7621,0.0,1.0
7622,0.8,0.2
7623,1.0,0.0
7624,0.0,1.0
7625,0.3,0.7
7626,0.8,0.2
7627,0.1,0.9
7628,0.1,0.9
7629,0.9,0.1
7630,1.0,0.0
7631,1.0,0.0
7632,0.9,0.1
7633,0.0,1.0
7634,1.0,0.0
7635,0.1,0.9
7636,0.7,0.3
7637,0.7,0.3
7638,1.0,0.0
7639,1.0,0.0
7640,1.0,0.0
7641,0.8,0.2
7642,1.0,0.0
7643,0.6,0.4
7644,0.0,1.0
7645,1.0,0.0
7646,1.0,0.0
7647,0.0,1.0
7648,0.2,0.8
7649,1.0,0.0
7650,0.3,0.7
7651,1.0,0.0
7652,0.6,0.4
7653,0.7,0.3
7654,1.0,0.0
7655,0.9,0.1
7656,0.8,0.2
7657,1.0,0.0
7658,0.0,1.0
7659,0.7,0.3
7660,1.0,0.0
7661,1.0,0.0
7662,0.9,0.1
7663,0.7,0.3
7664,0.1,0.9
7665,0.0,1.0
7666,0.0,1.0
7667,0.0,1.0
7668,0.7,0.3
7669,0.8,0.2
7670,0.0,1.0
7671,0.0,1.0
7672,0.3,0.7
7673,1.0,0.0
7674,0.4,0.6
7675,1.0,0.0
7676,1.0,0.0
7677,0.1,0.9
7678,0.0,1.0
7679,1.0,0.0
7680,0.0,1.0
7681,0.4,0.6
7682,0.9,0.1
7683,0.0,1.0
7684,0.9,0.1
7685,0.1,0.9
7686,0.6,0.4
7687,0.2,0.8
7688,0.5,0.5
7689,0.9,0.1
7690,1.0,0.0
7691,0.4,0.6
7692,0.5,0.5
7693,0.8,0.2
7694,1.0,0.0
7695,0.5,0.5
7696,0.8,0.2
7697,0.2,0.8
7698,1.0,0.0
7699,0.3,0.7
7700,1.0,0.0
7701,0.0,1.0
7702,0.0,1.0
7703,0.2,0.8
7704,0.2,0.8
7705,0.8,0.2
7706,0.5,0.5
7707,1.0,0.0
7708,1.0,0.0
7709,1.0,0.0
7710,1.0,0.0
7711,1.0,0.0
7712,0.0,1.0
7713,0.7,0.3
7714,0.9,0.1
7715,0.0,1.0
7716,0.7,0.3
7717,0.0,1.0
7718,0.1,0.9
7719,0.9,0.1
7720,0.9,0.1
7721,0.0,1.0
7722,1.0,0.0
7723,0.7,0.3
7724,1.0,0.0
7725,0.9,0.1
7726,1.0,0.0
7727,0.7,0.3
7728,1.0,0.0
7729,0.9,0.1
7730,1.0,0.0
7731,0.7,0.3
7732,1.0,0.0
7733,0.0,1.0
7734,0.2,0.8
7735,0.0,1.0
7736,0.1,0.9
7737,0.0,1.0
7738,1.0,0.0
7739,0.0,1.0
7740,1.0,0.0
7741,0.0,1.0
7742,0.0,1.0
7743,0.0,1.0
7744,1.0,0.0
7745,1.0,0.0
7746,0.8,0.2
7747,0.0,1.0
7748,0.7,0.3
7749,1.0,0.0
7750,0.3,0.7
7751,0.0,1.0
7752,1.0,0.0
7753,1.0,0.0
7754,0.0,1.0
7755,1.0,0.0
7756,0.5,0.5
7757,1.0,0.0
7758,1.0,0.0
7759,1.0,0.0
7760,0.9,0.1
7761,1.0,0.0
7762,0.0,1.0
7763,0.1,0.9
7764,0.4,0.6
7765,1.0,0.0
7766,0.0,1.0
7767,1.0,0.0
7768,0.9,0.1
7769,1.0,0.0
7770,0.2,0.8
7771,1.0,0.0
7772,0.0,1.0
7773,1.0,0.0
7774,0.7,0.3
7775,1.0,0.0
7776,1.0,0.0
7777,1.0,0.0
7778,0.1,0.9
7779,0.0,1.0
7780,1.0,0.0
7781,1.0,0.0
7782,0.0,1.0
7783,0.9,0.1
7784,0.7,0.3
7785,0.0,1.0
7786,0.6,0.4
7787,0.8,0.2
7788,0.9,0.1
7789,0.2,0.8
7790,0.1,0.9
7791,0.9,0.1
7792,0.0,1.0
7793,0.0,1.0
7794,0.3,0.7
7795,0.9,0.1
7796,1.0,0.0
7797,0.9,0.1
7798,0.0,1.0
7799,0.0,1.0
7800,0.9,0.1
7801,0.0,1.0
7802,0.1,0.9
7803,1.0,0.0
7804,0.0,1.0
7805,1.0,0.0
7806,0.8,0.2
7807,0.2,0.8
7808,0.0,1.0
7809,0.7,0.3
7810,0.0,1.0
7811,0.6,0.4
7812,1.0,0.0
7813,0.0,1.0
7814,0.4,0.6
7815,0.5,0.5
7816,0.7,0.3
7817,1.0,0.0
7818,0.6,0.4
7819,0.0,1.0
7820,1.0,0.0
7821,1.0,0.0
7822,0.0,1.0
7823,0.0,1.0
7824,0.0,1.0
7825,0.0,1.0
7826,0.9,0.1
7827,0.2,0.8
7828,0.0,1.0
7829,0.6,0.4
7830,0.7,0.3
7831,0.2,0.8
7832,0.0,1.0
7833,0.6,0.4
7834,0.9,0.1
7835,0.1,0.9
7836,0.8,0.2
7837,1.0,0.0
7838,0.9,0.1
7839,0.8,0.2
7840,0.5,0.5
7841,0.8,0.2
7842,0.6,0.4
7843,0.5,0.5
7844,1.0,0.0
7845,1.0,0.0
7846,0.6,0.4
7847,1.0,0.0
7848,0.6,0.4
7849,0.2,0.8
7850,0.0,1.0
7851,1.0,0.0
7852,0.3,0.7
7853,0.3,0.7
7854,0.2,0.8
7855,0.7,0.3
7856,1.0,0.0
7857,0.9,0.1
7858,0.7,0.3
7859,0.5,0.5
7860,0.2,0.8
7861,0.4,0.6
7862,1.0,0.0
7863,1.0,0.0
7864,0.0,1.0
7865,0.9,0.1
7866,0.8,0.2
7867,0.0,1.0
7868,0.0,1.0
7869,1.0,0.0
7870,0.0,1.0
7871,1.0,0.0
7872,0.0,1.0
7873,0.3,0.7
7874,0.0,1.0
7875,0.9,0.1
7876,0.2,0.8
7877,0.0,1.0
7878,1.0,0.0
7879,0.6,0.4
7880,0.1,0.9
7881,0.0,1.0
7882,1.0,0.0
7883,0.2,0.8
7884,0.0,1.0
7885,1.0,0.0
7886,1.0,0.0
7887,0.0,1.0
7888,1.0,0.0
7889,0.0,1.0
7890,0.0,1.0
7891,0.2,0.8
7892,0.5,0.5
7893,1.0,0.0
7894,0.0,1.0
7895,1.0,0.0
7896,0.9,0.1
7897,0.0,1.0
7898,0.0,1.0
7899,0.0,1.0
7900,1.0,0.0
7901,0.5,0.5
7902,1.0,0.0
7903,1.0,0.0
7904,0.5,0.5
7905,0.7,0.3
7906,0.0,1.0
7907,0.3,0.7
7908,0.0,1.0
7909,0.3,0.7
7910,0.0,1.0
7911,0.5,0.5
7912,0.2,0.8
7913,0.4,0.6
7914,0.2,0.8
7915,0.0,1.0
7916,0.9,0.1
7917,0.5,0.5
7918,1.0,0.0
7919,0.0,1.0
7920,1.0,0.0
7921,1.0,0.0
7922,0.6,0.4
7923,1.0,0.0
7924,0.9,0.1
7925,1.0,0.0
7926,1.0,0.0
7927,0.0,1.0
7928,0.0,1.0
7929,0.9,0.1
7930,0.0,1.0
7931,1.0,0.0
7932,0.0,1.0
7933,1.0,0.0
7934,1.0,0.0
7935,0.0,1.0
7936,0.1,0.9
7937,0.2,0.8
7938,1.0,0.0
7939,0.0,1.0
7940,0.1,0.9
7941,1.0,0.0
7942,0.0,1.0
7943,0.2,0.8
7944,0.6,0.4
7945,0.0,1.0
7946,0.9,0.1
7947,0.0,1.0
7948,0.1,0.9
7949,1.0,0.0
7950,0.0,1.0
7951,0.9,0.1
7952,1.0,0.0
7953,0.9,0.1
7954,1.0,0.0
7955,0.7,0.3
7956,0.8,0.2
7957,0.8,0.2
7958,0.6,0.4
7959,0.0,1.0
7960,1.0,0.0
7961,0.0,1.0
7962,0.0,1.0
7963,0.0,1.0
7964,0.5,0.5
7965,0.8,0.2
7966,0.4,0.6
7967,0.0,1.0
7968,0.2,0.8
7969,0.8,0.2
7970,0.3,0.7
7971,1.0,0.0
7972,0.4,0.6
7973,0.2,0.8
7974,0.7,0.3
7975,0.0,1.0
7976,0.1,0.9
7977,0.5,0.5
7978,0.0,1.0
7979,1.0,0.0
7980,0.1,0.9
7981,0.2,0.8
7982,0.7,0.3
7983,0.0,1.0
7984,0.1,0.9
7985,0.0,1.0
7986,0.8,0.2
7987,0.4,0.6
7988,0.9,0.1
7989,0.0,1.0
7990,0.0,1.0
7991,0.3,0.7
7992,1.0,0.0
7993,0.8,0.2
7994,0.1,0.9
7995,1.0,0.0
7996,1.0,0.0
7997,0.9,0.1
7998,0.5,0.5
7999,0.5,0.5
8000,0.5,0.5
8001,0.3,0.7
8002,0.0,1.0
8003,1.0,0.0
8004,0.8,0.2
8005,0.5,0.5
8006,0.8,0.2
8007,0.0,1.0
8008,0.9,0.1
8009,0.7,0.3
8010,0.2,0.8
8011,1.0,0.0
8012,1.0,0.0
8013,0.0,1.0
8014,1.0,0.0
8015,1.0,0.0
8016,0.1,0.9
8017,0.4,0.6
8018,1.0,0.0
8019,1.0,0.0
8020,0.8,0.2
8021,0.9,0.1
8022,0.0,1.0
8023,0.9,0.1
8024,0.0,1.0
8025,0.1,0.9
8026,0.9,0.1
8027,1.0,0.0
8028,0.9,0.1
8029,0.8,0.2
8030,0.9,0.1
8031,0.3,0.7
8032,0.2,0.8
8033,0.6,0.4
8034,1.0,0.0
8035,0.2,0.8
8036,1.0,0.0
8037,1.0,0.0
8038,1.0,0.0
8039,0.1,0.9
8040,0.0,1.0
8041,0.0,1.0
8042,1.0,0.0
8043,0.3,0.7
8044,0.5,0.5
8045,0.0,1.0
8046,1.0,0.0
8047,1.0,0.0
8048,0.9,0.1
8049,0.1,0.9
8050,0.4,0.6
8051,1.0,0.0
8052,0.2,0.8
8053,0.4,0.6
8054,1.0,0.0
8055,1.0,0.0
8056,0.3,0.7
8057,1.0,0.0
8058,0.9,0.1
8059,0.0,1.0
8060,0.0,1.0
8061,1.0,0.0
8062,1.0,0.0
8063,0.1,0.9
8064,1.0,0.0
8065,0.3,0.7
8066,0.5,0.5
8067,0.2,0.8
8068,0.8,0.2
8069,0.8,0.2
8070,0.9,0.1
8071,1.0,0.0
8072,1.0,0.0
8073,0.7,0.3
8074,0.0,1.0
8075,1.0,0.0
8076,0.3,0.7
8077,0.6,0.4
8078,0.4,0.6
8079,0.7,0.3
8080,0.5,0.5
8081,0.0,1.0
8082,1.0,0.0
8083,1.0,0.0
8084,0.0,1.0
8085,0.9,0.1
8086,1.0,0.0
8087,1.0,0.0
8088,1.0,0.0
8089,0.0,1.0
8090,0.0,1.0
8091,0.8,0.2
8092,0.0,1.0
8093,1.0,0.0
8094,1.0,0.0
8095,0.0,1.0
8096,1.0,0.0
8097,0.8,0.2
8098,0.5,0.5
8099,0.0,1.0
8100,0.0,1.0
8101,1.0,0.0
8102,0.4,0.6
8103,0.0,1.0
8104,1.0,0.0
8105,0.4,0.6
8106,1.0,0.0
8107,0.7,0.3
8108,0.8,0.2
8109,1.0,0.0
8110,0.3,0.7
8111,1.0,0.0
8112,1.0,0.0
8113,0.9,0.1
8114,0.0,1.0
8115,0.6,0.4
8116,0.7,0.3
8117,0.1,0.9
8118,0.9,0.1
8119,0.1,0.9
8120,0.4,0.6
8121,0.7,0.3
8122,0.5,0.5
8123,1.0,0.0
8124,0.9,0.1
8125,0.0,1.0
8126,1.0,0.0
8127,0.9,0.1
8128,0.9,0.1
8129,1.0,0.0
8130,0.6,0.4
8131,0.0,1.0
8132,1.0,0.0
8133,0.7,0.3
8134,1.0,0.0
8135,0.1,0.9
8136,1.0,0.0
8137,0.0,1.0
8138,0.5,0.5
8139,0.8,0.2
8140,0.9,0.1
8141,0.8,0.2
8142,0.8,0.2
8143,0.0,1.0
8144,0.6,0.4
8145,0.2,0.8
8146,1.0,0.0
8147,0.7,0.3
8148,0.4,0.6
8149,0.0,1.0
8150,0.3,0.7
8151,0.3,0.7
8152,0.4,0.6
8153,0.2,0.8
8154,0.7,0.3
8155,0.1,0.9
8156,0.8,0.2
8157,0.5,0.5
8158,0.3,0.7
8159,1.0,0.0
8160,0.8,0.2
8161,0.3,0.7
8162,0.3,0.7
8163,0.4,0.6
8164,0.0,1.0
8165,1.0,0.0
8166,0.0,1.0
8167,0.0,1.0
8168,0.2,0.8
8169,0.5,0.5
8170,1.0,0.0
8171,0.5,0.5
8172,0.0,1.0
8173,1.0,0.0
8174,0.8,0.2
8175,0.0,1.0
8176,0.2,0.8
8177,0.9,0.1
8178,0.0,1.0
8179,0.8,0.2
8180,0.2,0.8
8181,0.0,1.0
8182,0.0,1.0
8183,0.3,0.7
8184,1.0,0.0
8185,0.7,0.3
8186,0.0,1.0
8187,0.6,0.4
8188,0.1,0.9
8189,0.0,1.0
8190,1.0,0.0
8191,0.0,1.0
8192,0.8,0.2
8193,1.0,0.0
8194,0.0,1.0
8195,0.9,0.1
8196,1.0,0.0
8197,0.0,1.0
8198,1.0,0.0
8199,0.4,0.6
8200,1.0,0.0
8201,0.1,0.9
8202,0.9,0.1
8203,1.0,0.0
8204,0.7,0.3
8205,0.0,1.0
8206,0.1,0.9
8207,1.0,0.0
8208,0.0,1.0
8209,0.0,1.0
8210,1.0,0.0
8211,0.9,0.1
8212,0.0,1.0
8213,1.0,0.0
8214,0.7,0.3
8215,0.9,0.1
8216,0.0,1.0
8217,1.0,0.0
8218,0.0,1.0
8219,0.0,1.0
8220,0.9,0.1
8221,0.0,1.0
8222,1.0,0.0
8223,0.9,0.1
8224,1.0,0.0
8225,0.2,0.8
8226,0.8,0.2
8227,0.1,0.9
8228,0.7,0.3
8229,0.7,0.3
8230,0.6,0.4
8231,1.0,0.0
8232,0.9,0.1
8233,0.8,0.2
8234,0.2,0.8
8235,0.1,0.9
8236,0.3,0.7
8237,0.4,0.6
8238,0.8,0.2
8239,0.0,1.0
8240,1.0,0.0
8241,1.0,0.0
8242,1.0,0.0
8243,0.1,0.9
8244,1.0,0.0
8245,0.9,0.1
8246,0.1,0.9
8247,0.0,1.0
8248,1.0,0.0
8249,0.6,0.4
8250,0.7,0.3
8251,1.0,0.0
8252,0.1,0.9
8253,0.0,1.0
8254,0.9,0.1
8255,0.5,0.5
8256,0.3,0.7
8257,0.5,0.5
8258,0.7,0.3
8259,0.0,1.0
8260,0.0,1.0
8261,0.5,0.5
8262,1.0,0.0
8263,0.9,0.1
8264,1.0,0.0
8265,0.0,1.0
8266,0.0,1.0
8267,0.1,0.9
8268,0.4,0.6
8269,0.4,0.6
8270,0.0,1.0
8271,0.0,1.0
8272,0.8,0.2
8273,0.8,0.2
8274,0.1,0.9
8275,0.0,1.0
8276,0.7,0.3
8277,0.9,0.1
8278,0.3,0.7
8279,0.7,0.3
8280,1.0,0.0
8281,0.5,0.5
8282,1.0,0.0
8283,0.2,0.8
8284,0.5,0.5
8285,0.4,0.6
8286,0.2,0.8
8287,0.3,0.7
8288,0.2,0.8
8289,0.6,0.4
8290,1.0,0.0
8291,0.0,1.0
8292,0.2,0.8
8293,0.8,0.2
8294,0.8,0.2
8295,0.0,1.0
8296,0.1,0.9
8297,1.0,0.0
8298,0.8,0.2
8299,0.2,0.8
8300,1.0,0.0
8301,0.4,0.6
8302,1.0,0.0
8303,0.0,1.0
8304,1.0,0.0
8305,1.0,0.0
8306,0.0,1.0
8307,1.0,0.0
8308,0.7,0.3
8309,0.2,0.8
8310,1.0,0.0
8311,0.4,0.6
8312,0.0,1.0
8313,1.0,0.0
8314,0.0,1.0
8315,0.9,0.1
8316,0.9,0.1
8317,1.0,0.0
8318,0.9,0.1
8319,1.0,0.0
8320,1.0,0.0
8321,0.4,0.6
8322,0.8,0.2
8323,0.5,0.5
8324,1.0,0.0
8325,0.4,0.6
8326,1.0,0.0
8327,0.0,1.0
8328,0.0,1.0
8329,0.0,1.0
8330,1.0,0.0
8331,0.3,0.7
8332,1.0,0.0
8333,0.0,1.0
8334,0.2,0.8
8335,0.6,0.4
8336,0.3,0.7
8337,0.0,1.0
8338,0.9,0.1
8339,1.0,0.0
8340,0.0,1.0
8341,0.2,0.8
8342,0.0,1.0
8343,0.3,0.7
8344,1.0,0.0
8345,1.0,0.0
8346,0.0,1.0
8347,0.0,1.0
8348,1.0,0.0
8349,0.9,0.1
8350,1.0,0.0
8351,0.2,0.8
8352,1.0,0.0
8353,0.1,0.9
8354,0.5,0.5
8355,1.0,0.0
8356,0.0,1.0
8357,0.1,0.9
8358,0.2,0.8
8359,0.0,1.0
8360,0.3,0.7
8361,0.4,0.6
8362,0.0,1.0
8363,0.3,0.7
8364,0.0,1.0
8365,0.0,1.0
8366,0.8,0.2
8367,0.1,0.9
8368,0.7,0.3
8369,1.0,0.0
8370,0.0,1.0
8371,1.0,0.0
8372,1.0,0.0
8373,0.3,0.7
8374,0.8,0.2
8375,0.0,1.0
8376,0.8,0.2
8377,0.1,0.9
8378,0.4,0.6
8379,0.0,1.0
8380,0.8,0.2
8381,0.5,0.5
8382,0.9,0.1
8383,0.9,0.1
8384,1.0,0.0
8385,0.5,0.5
8386,0.9,0.1
8387,1.0,0.0
8388,0.1,0.9
8389,0.3,0.7
8390,0.2,0.8
8391,0.4,0.6
8392,0.0,1.0
8393,1.0,0.0
8394,0.0,1.0
8395,0.0,1.0
8396,1.0,0.0
8397,0.5,0.5
8398,0.0,1.0
8399,1.0,0.0
8400,1.0,0.0
8401,0.9,0.1
8402,0.4,0.6
8403,0.0,1.0
8404,0.0,1.0
8405,0.2,0.8
8406,1.0,0.0
8407,0.2,0.8
8408,1.0,0.0
8409,1.0,0.0
8410,0.3,0.7
8411,0.9,0.1
8412,0.0,1.0
8413,1.0,0.0
8414,0.0,1.0
8415,0.0,1.0
8416,0.5,0.5
8417,0.9,0.1
8418,0.4,0.6
8419,0.0,1.0
8420,0.0,1.0
8421,1.0,0.0
8422,0.9,0.1
8423,0.2,0.8
8424,1.0,0.0
8425,0.9,0.1
8426,0.9,0.1
8427,0.0,1.0
8428,0.0,1.0
8429,1.0,0.0
8430,1.0,0.0
8431,1.0,0.0
8432,0.1,0.9
8433,0.4,0.6
8434,0.1,0.9
8435,0.3,0.7
8436,0.0,1.0
8437,0.2,0.8
8438,0.7,0.3
8439,1.0,0.0
8440,1.0,0.0
8441,0.2,0.8
8442,0.1,0.9
8443,0.6,0.4
8444,0.5,0.5
8445,0.9,0.1
8446,1.0,0.0
8447,0.3,0.7
8448,1.0,0.0
8449,1.0,0.0
8450,0.1,0.9
8451,0.1,0.9
8452,0.5,0.5
8453,0.0,1.0
8454,0.9,0.1
8455,0.3,0.7
8456,0.3,0.7
8457,0.0,1.0
8458,1.0,0.0
8459,0.0,1.0
8460,0.3,0.7
8461,0.0,1.0
8462,0.5,0.5
8463,0.0,1.0
8464,1.0,0.0
8465,1.0,0.0
8466,0.0,1.0
8467,0.8,0.2
8468,0.9,0.1
8469,0.6,0.4
8470,0.0,1.0
8471,0.8,0.2
8472,0.4,0.6
8473,0.8,0.2
8474,0.0,1.0
8475,0.6,0.4
8476,0.0,1.0
8477,0.0,1.0
8478,0.9,0.1
8479,0.6,0.4
8480,0.9,0.1
8481,0.7,0.3
8482,0.4,0.6
8483,1.0,0.0
8484,0.5,0.5
8485,1.0,0.0
8486,0.0,1.0
8487,0.0,1.0
8488,0.0,1.0
8489,0.9,0.1
8490,0.8,0.2
8491,0.2,0.8
8492,1.0,0.0
8493,0.9,0.1
8494,0.0,1.0
8495,1.0,0.0
8496,0.5,0.5
8497,0.0,1.0
8498,0.8,0.2
8499,0.9,0.1
8500,0.9,0.1
8501,0.2,0.8
8502,0.4,0.6
8503,1.0,0.0
8504,0.6,0.4
8505,0.0,1.0
8506,0.7,0.3
8507,0.7,0.3
8508,0.0,1.0
8509,0.3,0.7
8510,0.7,0.3
8511,0.7,0.3
8512,0.0,1.0
8513,0.4,0.6
8514,0.9,0.1
8515,1.0,0.0
8516,0.0,1.0
8517,0.9,0.1
8518,0.9,0.1
8519,0.0,1.0
8520,1.0,0.0
8521,0.1,0.9
8522,1.0,0.0
8523,0.9,0.1
8524,1.0,0.0
8525,0.3,0.7
8526,1.0,0.0
8527,1.0,0.0
8528,0.9,0.1
8529,0.2,0.8
8530,0.6,0.4
8531,0.2,0.8
8532,1.0,0.0
8533,0.4,0.6
8534,1.0,0.0
8535,0.0,1.0
8536,1.0,0.0
8537,0.4,0.6
8538,0.9,0.1
8539,0.9,0.1
8540,0.7,0.3
8541,0.9,0.1
8542,0.9,0.1
8543,0.0,1.0
8544,0.9,0.1
8545,0.1,0.9
8546,0.0,1.0
8547,0.1,0.9
8548,0.5,0.5
8549,0.5,0.5
8550,1.0,0.0
8551,0.3,0.7
8552,0.0,1.0
8553,0.0,1.0
8554,0.5,0.5
8555,0.2,0.8
8556,0.9,0.1
8557,0.0,1.0
8558,1.0,0.0
8559,0.0,1.0
8560,1.0,0.0
8561,0.5,0.5
8562,0.0,1.0
8563,0.8,0.2
8564,0.6,0.4
8565,0.5,0.5
8566,0.0,1.0
8567,0.6,0.4
8568,0.0,1.0
8569,0.0,1.0
8570,1.0,0.0
8571,0.0,1.0
8572,0.0,1.0
8573,1.0,0.0
8574,0.0,1.0
8575,0.9,0.1
8576,0.0,1.0
8577,0.4,0.6
8578,1.0,0.0
8579,0.5,0.5
8580,0.1,0.9
8581,1.0,0.0
8582,0.8,0.2
8583,1.0,0.0
8584,0.3,0.7
8585,0.0,1.0
8586,0.0,1.0
8587,0.6,0.4
8588,0.1,0.9
8589,0.3,0.7
8590,0.0,1.0
8591,0.5,0.5
8592,0.5,0.5
8593,0.9,0.1
8594,0.1,0.9
8595,0.1,0.9
8596,0.5,0.5
8597,0.5,0.5
8598,1.0,0.0
8599,1.0,0.0
8600,0.2,0.8
8601,0.7,0.3
8602,1.0,0.0
8603,0.8,0.2
8604,0.1,0.9
8605,0.0,1.0
8606,1.0,0.0
8607,1.0,0.0
8608,0.5,0.5
8609,0.7,0.3
8610,0.2,0.8
8611,1.0,0.0
8612,0.1,0.9
8613,0.8,0.2
8614,0.0,1.0
8615,1.0,0.0
8616,0.0,1.0
8617,0.3,0.7
8618,1.0,0.0
8619,1.0,0.0
8620,0.1,0.9
8621,1.0,0.0
8622,0.0,1.0
8623,0.4,0.6
8624,0.8,0.2
8625,0.1,0.9
8626,0.9,0.1
8627,0.0,1.0
8628,0.0,1.0
8629,1.0,0.0
8630,0.2,0.8
8631,0.3,0.7
8632,0.4,0.6
8633,1.0,0.0
8634,0.1,0.9
8635,1.0,0.0
8636,0.8,0.2
8637,0.0,1.0
8638,1.0,0.0
8639,0.8,0.2
8640,0.2,0.8
8641,0.1,0.9
8642,0.9,0.1
8643,0.9,0.1
8644,0.8,0.2
8645,1.0,0.0
8646,1.0,0.0
8647,0.0,1.0
8648,1.0,0.0
8649,1.0,0.0
8650,1.0,0.0
8651,0.7,0.3
8652,0.0,1.0
8653,0.7,0.3
8654,0.6,0.4
8655,0.0,1.0
8656,1.0,0.0
8657,0.1,0.9
8658,1.0,0.0
8659,0.3,0.7
8660,1.0,0.0
8661,1.0,0.0
8662,0.3,0.7
8663,1.0,0.0
8664,1.0,0.0
8665,0.0,1.0
8666,0.0,1.0
8667,1.0,0.0
8668,0.9,0.1
8669,1.0,0.0
8670,0.9,0.1
8671,0.8,0.2
8672,1.0,0.0
8673,0.0,1.0
8674,1.0,0.0
8675,0.5,0.5
8676,0.6,0.4
8677,1.0,0.0
8678,0.8,0.2
8679,0.1,0.9
8680,0.0,1.0
8681,0.8,0.2
8682,0.9,0.1
8683,0.8,0.2
8684,0.5,0.5
8685,0.7,0.3
8686,0.3,0.7
8687,0.9,0.1
8688,1.0,0.0
8689,1.0,0.0
8690,1.0,0.0
8691,0.1,0.9
8692,1.0,0.0
8693,0.0,1.0
8694,0.5,0.5
8695,0.9,0.1
8696,0.9,0.1
8697,0.6,0.4
8698,0.0,1.0
8699,1.0,0.0
8700,0.8,0.2
8701,0.9,0.1
8702,0.0,1.0
8703,0.0,1.0
8704,1.0,0.0
8705,0.6,0.4
8706,0.7,0.3
8707,0.1,0.9
8708,0.5,0.5
8709,1.0,0.0
8710,1.0,0.0
8711,0.8,0.2
8712,0.8,0.2
8713,1.0,0.0
8714,0.2,0.8
8715,0.0,1.0
8716,0.0,1.0
8717,0.8,0.2
8718,0.5,0.5
8719,0.0,1.0
8720,0.0,1.0
8721,0.1,0.9
8722,0.0,1.0
8723,0.1,0.9
8724,0.1,0.9
8725,0.0,1.0
8726,1.0,0.0
8727,1.0,0.0
8728,0.7,0.3
8729,0.2,0.8
8730,1.0,0.0
8731,1.0,0.0
8732,0.6,0.4
8733,1.0,0.0
8734,1.0,0.0
8735,1.0,0.0
8736,0.0,1.0
8737,0.3,0.7
8738,0.1,0.9
8739,0.0,1.0
8740,1.0,0.0
8741,0.7,0.3
8742,0.0,1.0
8743,0.0,1.0
8744,0.2,0.8
8745,0.1,0.9
8746,0.6,0.4
8747,0.0,1.0
8748,1.0,0.0
8749,0.0,1.0
8750,0.9,0.1
8751,0.0,1.0
8752,1.0,0.0
8753,0.8,0.2
8754,1.0,0.0
8755,0.0,1.0
8756,0.8,0.2
8757,1.0,0.0
8758,0.9,0.1
8759,0.0,1.0
8760,1.0,0.0
8761,0.0,1.0
8762,0.8,0.2
8763,1.0,0.0
8764,0.3,0.7
8765,0.0,1.0
8766,0.6,0.4
8767,0.9,0.1
8768,0.3,0.7
8769,0.3,0.7
8770,0.9,0.1
8771,0.0,1.0
8772,1.0,0.0
8773,1.0,0.0
8774,0.2,0.8
8775,0.6,0.4
8776,0.5,0.5
8777,1.0,0.0
8778,0.0,1.0
8779,1.0,0.0
8780,0.0,1.0
8781,0.1,0.9
8782,0.0,1.0
8783,0.8,0.2
8784,0.7,0.3
8785,0.0,1.0
8786,0.9,0.1
8787,0.8,0.2
8788,1.0,0.0
8789,0.0,1.0
8790,1.0,0.0
8791,0.8,0.2
8792,0.0,1.0
8793,0.6,0.4
8794,0.0,1.0
8795,0.1,0.9
8796,0.5,0.5
8797,0.2,0.8
8798,0.4,0.6
8799,0.8,0.2
8800,0.8,0.2
8801,0.9,0.1
8802,1.0,0.0
8803,0.9,0.1
8804,0.0,1.0
8805,0.9,0.1
8806,0.0,1.0
8807,0.7,0.3
8808,0.4,0.6
8809,0.0,1.0
8810,0.5,0.5
8811,0.0,1.0
8812,1.0,0.0
8813,0.6,0.4
8814,0.3,0.7
8815,0.9,0.1
8816,0.4,0.6
8817,1.0,0.0
8818,0.9,0.1
8819,1.0,0.0
8820,0.0,1.0
8821,1.0,0.0
8822,1.0,0.0
8823,0.4,0.6
8824,0.0,1.0
8825,0.9,0.1
8826,0.7,0.3
8827,0.0,1.0
8828,0.3,0.7
8829,0.0,1.0
8830,0.1,0.9
8831,0.5,0.5
8832,0.0,1.0
8833,0.4,0.6
8834,0.0,1.0
8835,1.0,0.0
8836,1.0,0.0
8837,1.0,0.0
8838,0.6,0.4
8839,1.0,0.0
8840,0.3,0.7
8841,0.9,0.1
8842,0.0,1.0
8843,0.8,0.2
8844,0.4,0.6
8845,0.0,1.0
8846,0.8,0.2
8847,0.2,0.8
8848,0.3,0.7
8849,0.1,0.9
8850,1.0,0.0
8851,1.0,0.0
8852,0.4,0.6
8853,1.0,0.0
8854,0.8,0.2
8855,0.0,1.0
8856,1.0,0.0
8857,0.0,1.0
8858,1.0,0.0
8859,0.0,1.0
8860,0.0,1.0
8861,0.0,1.0
8862,1.0,0.0
8863,0.2,0.8
8864,1.0,0.0
8865,0.0,1.0
8866,0.0,1.0
8867,0.0,1.0
8868,0.0,1.0
8869,0.0,1.0
8870,0.3,0.7
8871,0.1,0.9
8872,1.0,0.0
8873,1.0,0.0
8874,0.0,1.0
8875,0.3,0.7
8876,0.4,0.6
8877,0.0,1.0
8878,1.0,0.0
8879,0.6,0.4
8880,0.9,0.1
8881,1.0,0.0
8882,0.6,0.4
8883,0.2,0.8
8884,0.3,0.7
8885,1.0,0.0
8886,0.0,1.0
8887,1.0,0.0
8888,1.0,0.0
8889,0.0,1.0
8890,0.4,0.6
8891,0.4,0.6
8892,0.0,1.0
8893,0.5,0.5
8894,1.0,0.0
8895,0.0,1.0
8896,1.0,0.0
8897,1.0,0.0
8898,0.5,0.5
8899,1.0,0.0
8900,0.3,0.7
8901,0.8,0.2
8902,0.0,1.0
8903,0.4,0.6
8904,0.0,1.0
8905,0.2,0.8
8906,0.0,1.0
8907,1.0,0.0
8908,1.0,0.0
8909,1.0,0.0
8910,1.0,0.0
8911,0.0,1.0
8912,0.0,1.0
8913,0.4,0.6
8914,0.5,0.5
8915,0.0,1.0
8916,0.0,1.0
8917,0.7,0.3
8918,0.5,0.5
8919,0.0,1.0
8920,0.9,0.1
8921,0.1,0.9
8922,0.1,0.9
8923,0.4,0.6
8924,1.0,0.0
8925,0.4,0.6
8926,0.0,1.0
8927,0.0,1.0
8928,1.0,0.0
8929,0.8,0.2
8930,0.1,0.9
8931,0.3,0.7
8932,1.0,0.0
8933,0.0,1.0
8934,0.7,0.3
8935,0.0,1.0
8936,0.3,0.7
8937,0.5,0.5
8938,0.7,0.3
8939,1.0,0.0
8940,1.0,0.0
8941,1.0,0.0
8942,0.6,0.4
8943,1.0,0.0
8944,0.1,0.9
8945,0.3,0.7
8946,0.1,0.9
8947,0.3,0.7
8948,0.4,0.6
8949,0.5,0.5
8950,1.0,0.0
8951,0.9,0.1
8952,1.0,0.0
8953,0.2,0.8
8954,1.0,0.0
8955,1.0,0.0
8956,0.1,0.9
8957,0.6,0.4
8958,0.6,0.4
8959,0.0,1.0
8960,1.0,0.0
8961,0.8,0.2
8962,0.5,0.5
8963,1.0,0.0
8964,0.0,1.0
8965,0.9,0.1
8966,1.0,0.0
8967,0.1,0.9
8968,1.0,0.0
8969,0.0,1.0
8970,0.8,0.2
8971,0.4,0.6
8972,0.5,0.5
8973,0.9,0.1
8974,0.4,0.6
8975,0.0,1.0
8976,0.2,0.8
8977,1.0,0.0
8978,0.2,0.8
8979,0.8,0.2
8980,0.1,0.9
8981,0.0,1.0
8982,1.0,0.0
8983,0.5,0.5
8984,0.9,0.1
8985,1.0,0.0
8986,1.0,0.0
8987,0.9,0.1
8988,0.7,0.3
8989,1.0,0.0
8990,0.0,1.0
8991,0.4,0.6
8992,1.0,0.0
8993,0.0,1.0
8994,0.8,0.2
8995,0.3,0.7
8996,0.4,0.6
8997,1.0,0.0
8998,0.2,0.8
8999,0.8,0.2
9000,0.3,0.7
9001,0.9,0.1
9002,1.0,0.0
9003,1.0,0.0
9004,0.0,1.0
9005,0.1,0.9
9006,0.0,1.0
9007,0.0,1.0
9008,1.0,0.0
9009,1.0,0.0
9010,0.0,1.0
9011,1.0,0.0
9012,1.0,0.0
9013,0.0,1.0
9014,0.1,0.9
9015,1.0,0.0
9016,1.0,0.0
9017,1.0,0.0
9018,0.4,0.6
9019,1.0,0.0
9020,0.2,0.8
9021,0.0,1.0
9022,1.0,0.0
9023,0.6,0.4
9024,1.0,0.0
9025,0.8,0.2
9026,0.7,0.3
9027,1.0,0.0
9028,1.0,0.0
9029,0.0,1.0
9030,0.3,0.7
9031,0.0,1.0
9032,0.7,0.3
9033,0.0,1.0
9034,1.0,0.0
9035,0.2,0.8
9036,0.2,0.8
9037,0.9,0.1
9038,0.0,1.0
9039,0.6,0.4
9040,0.0,1.0
9041,0.0,1.0
9042,0.9,0.1
9043,1.0,0.0
9044,0.6,0.4
9045,0.4,0.6
9046,0.0,1.0
9047,0.0,1.0
9048,0.0,1.0
9049,1.0,0.0
9050,0.8,0.2
9051,1.0,0.0
9052,0.0,1.0
9053,1.0,0.0
9054,1.0,0.0
9055,0.9,0.1
9056,1.0,0.0
9057,1.0,0.0
9058,0.0,1.0
9059,0.7,0.3
9060,0.9,0.1
9061,0.0,1.0
9062,0.0,1.0
9063,0.7,0.3
9064,1.0,0.0
9065,0.8,0.2
9066,0.9,0.1
9067,1.0,0.0
9068,0.9,0.1
9069,1.0,0.0
9070,0.9,0.1
9071,0.4,0.6
9072,0.0,1.0
9073,0.4,0.6
9074,0.5,0.5
9075,0.0,1.0
9076,0.6,0.4
9077,0.9,0.1
9078,0.8,0.2
9079,1.0,0.0
9080,1.0,0.0
9081,0.9,0.1
9082,0.0,1.0
9083,0.8,0.2
9084,0.3,0.7
9085,0.0,1.0
9086,0.0,1.0
9087,0.4,0.6
9088,0.0,1.0
9089,1.0,0.0
9090,0.0,1.0
9091,1.0,0.0
9092,0.9,0.1
9093,0.3,0.7
9094,0.0,1.0
9095,0.2,0.8
9096,0.1,0.9
9097,0.9,0.1
9098,0.6,0.4
9099,1.0,0.0
9100,0.0,1.0
9101,0.3,0.7
9102,1.0,0.0
9103,0.1,0.9
9104,1.0,0.0
9105,0.7,0.3
9106,0.4,0.6
9107,0.2,0.8
9108,0.4,0.6
9109,1.0,0.0
9110,0.5,0.5
9111,0.2,0.8
9112,1.0,0.0
9113,0.0,1.0
9114,0.0,1.0
9115,0.2,0.8
9116,0.1,0.9
9117,1.0,0.0
9118,0.0,1.0
9119,1.0,0.0
9120,0.0,1.0
9121,0.0,1.0
9122,0.1,0.9
9123,0.4,0.6
9124,0.9,0.1
9125,0.0,1.0
9126,1.0,0.0
9127,0.5,0.5
9128,1.0,0.0
9129,1.0,0.0
9130,0.9,0.1
9131,0.3,0.7
9132,0.2,0.8
9133,0.0,1.0
9134,0.0,1.0
9135,1.0,0.0
9136,0.6,0.4
9137,0.0,1.0
9138,0.0,1.0
9139,0.4,0.6
9140,1.0,0.0
9141,0.0,1.0
9142,0.5,0.5
9143,0.3,0.7
9144,1.0,0.0
9145,0.0,1.0
9146,0.6,0.4
9147,0.3,0.7
9148,0.0,1.0
9149,0.2,0.8
9150,0.0,1.0
9151,0.9,0.1
9152,1.0,0.0
9153,1.0,0.0
9154,1.0,0.0
9155,1.0,0.0
9156,0.0,1.0
9157,1.0,0.0
9158,1.0,0.0
9159,0.3,0.7
9160,0.1,0.9
9161,0.0,1.0
9162,0.2,0.8
9163,0.2,0.8
9164,0.3,0.7
9165,0.9,0.1
9166,0.0,1.0
9167,0.3,0.7
9168,0.0,1.0
9169,1.0,0.0
9170,0.0,1.0
9171,0.5,0.5
9172,0.2,0.8
9173,1.0,0.0
9174,0.0,1.0
9175,0.9,0.1
9176,1.0,0.0
9177,0.0,1.0
9178,0.9,0.1
9179,0.1,0.9
9180,0.8,0.2
9181,1.0,0.0
9182,0.8,0.2
9183,0.0,1.0
9184,1.0,0.0
9185,1.0,0.0
9186,0.0,1.0
9187,0.3,0.7
9188,0.7,0.3
9189,0.9,0.1
9190,1.0,0.0
9191,0.0,1.0
9192,0.1,0.9
9193,1.0,0.0
9194,0.8,0.2
9195,0.3,0.7
9196,0.0,1.0
9197,1.0,0.0
9198,0.3,0.7
9199,0.8,0.2
9200,0.0,1.0
9201,1.0,0.0
9202,0.2,0.8
9203,1.0,0.0
9204,0.1,0.9
9205,0.0,1.0
9206,1.0,0.0
9207,1.0,0.0
9208,0.5,0.5
9209,0.8,0.2
9210,0.0,1.0
9211,0.2,0.8
9212,0.8,0.2
9213,0.7,0.3
9214,1.0,0.0
9215,0.2,0.8
9216,0.6,0.4
9217,0.0,1.0
9218,0.3,0.7
9219,0.2,0.8
9220,1.0,0.0
9221,0.6,0.4
9222,0.1,0.9
9223,0.4,0.6
9224,0.4,0.6
9225,0.0,1.0
9226,0.0,1.0
9227,0.2,0.8
9228,0.0,1.0
9229,1.0,0.0
9230,0.3,0.7
9231,0.9,0.1
9232,0.4,0.6
9233,0.0,1.0
9234,1.0,0.0
9235,1.0,0.0
9236,1.0,0.0
9237,0.7,0.3
9238,0.9,0.1
9239,1.0,0.0
9240,0.8,0.2
9241,0.0,1.0
9242,0.7,0.3
9243,1.0,0.0
9244,0.0,1.0
9245,1.0,0.0
9246,0.6,0.4
9247,0.0,1.0
9248,0.7,0.3
9249,0.7,0.3
9250,1.0,0.0
9251,0.0,1.0
9252,0.7,0.3
9253,1.0,0.0
9254,0.1,0.9
9255,1.0,0.0
9256,0.4,0.6
9257,0.1,0.9
9258,0.7,0.3
9259,0.2,0.8
9260,1.0,0.0
9261,0.9,0.1
9262,0.6,0.4
9263,0.0,1.0
9264,0.9,0.1
9265,0.5,0.5
9266,0.1,0.9
9267,0.0,1.0
9268,0.5,0.5
9269,1.0,0.0
9270,0.0,1.0
9271,0.2,0.8
9272,0.0,1.0
9273,1.0,0.0
9274,0.7,0.3
9275,0.1,0.9
9276,1.0,0.0
9277,0.1,0.9
9278,1.0,0.0
9279,1.0,0.0
9280,0.8,0.2
9281,0.6,0.4
9282,0.4,0.6
9283,0.0,1.0
9284,1.0,0.0
9285,1.0,0.0
9286,0.9,0.1
9287,0.6,0.4
9288,0.0,1.0
9289,0.0,1.0
9290,0.2,0.8
9291,0.4,0.6
9292,0.1,0.9
9293,0.0,1.0
9294,0.3,0.7
9295,1.0,0.0
9296,0.6,0.4
9297,0.6,0.4
9298,0.2,0.8
9299,1.0,0.0
9300,0.7,0.3
9301,0.2,0.8
9302,0.7,0.3
9303,0.0,1.0
9304,1.0,0.0
9305,0.9,0.1
9306,0.9,0.1
9307,1.0,0.0
9308,0.0,1.0
9309,1.0,0.0
9310,0.0,1.0
9311,0.6,0.4
9312,0.7,0.3
9313,0.0,1.0
9314,1.0,0.0
9315,1.0,0.0
9316,0.0,1.0
9317,1.0,0.0
9318,1.0,0.0
9319,0.0,1.0
9320,0.7,0.3
9321,0.8,0.2
9322,0.6,0.4
9323,0.9,0.1
9324,0.6,0.4
9325,0.0,1.0
9326,0.0,1.0
9327,1.0,0.0
9328,0.6,0.4
9329,1.0,0.0
9330,1.0,0.0
9331,1.0,0.0
9332,0.5,0.5
9333,0.1,0.9
9334,1.0,0.0
9335,1.0,0.0
9336,0.8,0.2
9337,0.4,0.6
9338,0.0,1.0
9339,0.1,0.9
9340,0.0,1.0
9341,0.0,1.0
9342,0.1,0.9
9343,0.0,1.0
9344,1.0,0.0
9345,0.9,0.1
9346,0.8,0.2
9347,0.0,1.0
9348,1.0,0.0
9349,0.0,1.0
9350,0.7,0.3
9351,0.0,1.0
9352,1.0,0.0
9353,1.0,0.0
9354,0.2,0.8
9355,1.0,0.0
9356,0.0,1.0
9357,0.9,0.1
9358,0.4,0.6
9359,0.2,0.8
9360,0.0,1.0
9361,0.0,1.0
9362,0.0,1.0
9363,0.4,0.6
9364,0.8,0.2
9365,0.8,0.2
9366,0.0,1.0
9367,0.8,0.2
9368,1.0,0.0
9369,1.0,0.0
9370,0.2,0.8
9371,0.1,0.9
9372,0.0,1.0
9373,1.0,0.0
9374,0.0,1.0
9375,0.9,0.1
9376,0.6,0.4
9377,0.0,1.0
9378,0.2,0.8
9379,0.0,1.0
9380,0.0,1.0
9381,1.0,0.0
9382,0.0,1.0
9383,0.0,1.0
9384,0.3,0.7
9385,1.0,0.0
9386,1.0,0.0
9387,0.1,0.9
9388,0.3,0.7
9389,1.0,0.0
9390,1.0,0.0
9391,1.0,0.0
9392,0.4,0.6
9393,0.9,0.1
9394,1.0,0.0
9395,0.9,0.1
9396,0.0,1.0
9397,0.0,1.0
9398,0.0,1.0
9399,0.8,0.2
9400,0.0,1.0
9401,1.0,0.0
9402,1.0,0.0
9403,0.0,1.0
9404,0.9,0.1
9405,0.0,1.0
9406,0.9,0.1
9407,1.0,0.0
9408,1.0,0.0
9409,0.5,0.5
9410,1.0,0.0
9411,0.8,0.2
9412,1.0,0.0
9413,0.8,0.2
9414,0.0,1.0
9415,0.6,0.4
9416,0.7,0.3
9417,1.0,0.0
9418,0.4,0.6
9419,1.0,0.0
9420,0.9,0.1
9421,1.0,0.0
9422,0.0,1.0
9423,1.0,0.0
9424,1.0,0.0
9425,0.0,1.0
9426,0.0,1.0
9427,0.0,1.0
9428,1.0,0.0
9429,1.0,0.0
9430,0.3,0.7
9431,0.9,0.1
9432,0.7,0.3
9433,0.0,1.0
9434,0.7,0.3
9435,0.1,0.9
9436,0.1,0.9
9437,0.0,1.0
9438,0.0,1.0
9439,0.3,0.7
9440,0.0,1.0
9441,0.7,0.3
9442,0.9,0.1
9443,0.0,1.0
9444,1.0,0.0
9445,0.1,0.9
9446,0.6,0.4
9447,0.7,0.3
9448,0.3,0.7
9449,0.0,1.0
9450,1.0,0.0
9451,0.5,0.5
9452,0.3,0.7
9453,0.8,0.2
9454,0.2,0.8
9455,1.0,0.0
9456,1.0,0.0
9457,0.2,0.8
9458,0.9,0.1
9459,0.7,0.3
9460,0.0,1.0
9461,0.2,0.8
9462,0.4,0.6
9463,0.5,0.5
9464,0.0,1.0
9465,0.4,0.6
9466,0.9,0.1
9467,0.3,0.7
9468,0.7,0.3
9469,1.0,0.0
9470,0.1,0.9
9471,1.0,0.0
9472,0.5,0.5
9473,0.3,0.7
9474,1.0,0.0
9475,0.6,0.4
9476,0.0,1.0
9477,0.5,0.5
9478,0.0,1.0
9479,0.3,0.7
9480,0.0,1.0
9481,0.0,1.0
9482,0.9,0.1
9483,0.9,0.1
9484,0.7,0.3
9485,0.0,1.0
9486,0.2,0.8
9487,0.5,0.5
9488,0.2,0.8
9489,0.0,1.0
9490,1.0,0.0
9491,0.9,0.1
9492,1.0,0.0
9493,1.0,0.0
9494,0.0,1.0
9495,0.9,0.1
9496,0.4,0.6
9497,1.0,0.0
9498,0.6,0.4
9499,0.6,0.4
9500,1.0,0.0
9501,1.0,0.0
9502,0.9,0.1
9503,0.7,0.3
9504,1.0,0.0
9505,1.0,0.0
9506,1.0,0.0
9507,0.0,1.0
9508,1.0,0.0
9509,1.0,0.0
9510,0.2,0.8
9511,0.0,1.0
9512,1.0,0.0
9513,0.9,0.1
9514,0.5,0.5
9515,0.7,0.3
9516,1.0,0.0
9517,0.4,0.6
9518,0.7,0.3
9519,0.0,1.0
9520,0.2,0.8
9521,0.0,1.0
9522,0.0,1.0
9523,1.0,0.0
9524,0.2,0.8
9525,0.2,0.8
9526,0.5,0.5
9527,1.0,0.0
9528,0.4,0.6
9529,1.0,0.0
9530,0.3,0.7
9531,1.0,0.0
9532,0.0,1.0
9533,0.0,1.0
9534,0.0,1.0
9535,0.0,1.0
9536,0.4,0.6
9537,0.7,0.3
9538,1.0,0.0
9539,1.0,0.0
9540,0.7,0.3
9541,1.0,0.0
9542,0.0,1.0
9543,0.8,0.2
9544,1.0,0.0
9545,0.1,0.9
9546,0.1,0.9
9547,0.5,0.5
9548,1.0,0.0
9549,0.8,0.2
9550,0.0,1.0
9551,1.0,0.0
9552,1.0,0.0
9553,0.5,0.5
9554,1.0,0.0
9555,0.0,1.0
9556,1.0,0.0
9557,1.0,0.0
9558,0.0,1.0
9559,0.9,0.1
9560,0.8,0.2
9561,0.3,0.7
9562,0.0,1.0
9563,0.2,0.8
9564,1.0,0.0
9565,0.7,0.3
9566,0.3,0.7
9567,0.8,0.2
9568,0.0,1.0
9569,0.6,0.4
9570,0.1,0.9
9571,0.2,0.8
9572,0.8,0.2
9573,0.0,1.0
9574,0.1,0.9
9575,0.1,0.9
9576,1.0,0.0
9577,0.1,0.9
9578,0.6,0.4
9579,1.0,0.0
9580,0.0,1.0
9581,0.8,0.2
9582,0.2,0.8
9583,0.3,0.7
9584,0.8,0.2
9585,0.0,1.0
9586,1.0,0.0
9587,1.0,0.0
9588,0.9,0.1
9589,0.2,0.8
9590,1.0,0.0
9591,0.0,1.0
9592,0.2,0.8
9593,0.0,1.0
9594,0.7,0.3
9595,1.0,0.0
9596,1.0,0.0
9597,0.7,0.3
9598,0.2,0.8
9599,1.0,0.0
9600,1.0,0.0
9601,1.0,0.0
9602,0.0,1.0
9603,0.4,0.6
9604,0.0,1.0
9605,0.1,0.9
9606,1.0,0.0
9607,0.6,0.4
9608,0.1,0.9
9609,1.0,0.0
9610,0.8,0.2
9611,0.5,0.5
9612,1.0,0.0
9613,1.0,0.0
9614,0.1,0.9
9615,0.9,0.1
9616,0.0,1.0
9617,1.0,0.0
9618,1.0,0.0
9619,0.9,0.1
9620,0.2,0.8
9621,0.1,0.9
9622,0.9,0.1
9623,0.6,0.4
9624,0.0,1.0
9625,0.0,1.0
9626,0.1,0.9
9627,0.1,0.9
9628,0.4,0.6
9629,0.7,0.3
9630,0.9,0.1
9631,0.3,0.7
9632,0.8,0.2
9633,0.0,1.0
9634,0.9,0.1
9635,1.0,0.0
9636,0.9,0.1
9637,0.2,0.8
9638,0.0,1.0
9639,0.2,0.8
9640,1.0,0.0
9641,0.4,0.6
9642,0.2,0.8
9643,1.0,0.0
9644,0.9,0.1
9645,1.0,0.0
9646,0.7,0.3
9647,0.3,0.7
9648,1.0,0.0
9649,0.2,0.8
9650,0.0,1.0
9651,1.0,0.0
9652,0.1,0.9
9653,0.0,1.0
9654,0.1,0.9
9655,0.1,0.9
9656,0.2,0.8
9657,1.0,0.0
9658,0.0,1.0
9659,1.0,0.0
9660,0.6,0.4
9661,0.8,0.2
9662,1.0,0.0
9663,0.9,0.1
9664,1.0,0.0
9665,1.0,0.0
9666,0.5,0.5
9667,0.3,0.7
9668,0.9,0.1
9669,1.0,0.0
9670,0.9,0.1
9671,0.6,0.4
9672,0.0,1.0
9673,0.9,0.1
9674,0.1,0.9
9675,0.3,0.7
9676,1.0,0.0
9677,0.9,0.1
9678,0.0,1.0
9679,0.0,1.0
9680,0.0,1.0
9681,0.2,0.8
9682,0.4,0.6
9683,1.0,0.0
9684,0.8,0.2
9685,0.0,1.0
9686,0.6,0.4
9687,0.6,0.4
9688,0.6,0.4
9689,1.0,0.0
9690,0.1,0.9
9691,0.7,0.3
9692,1.0,0.0
9693,1.0,0.0
9694,1.0,0.0
9695,0.0,1.0
9696,0.0,1.0
9697,0.9,0.1
9698,1.0,0.0
9699,0.8,0.2
9700,0.3,0.7
9701,0.5,0.5
9702,0.9,0.1
9703,0.1,0.9
9704,0.2,0.8
9705,0.6,0.4
9706,0.9,0.1
9707,1.0,0.0
9708,0.7,0.3
9709,1.0,0.0
9710,1.0,0.0
9711,1.0,0.0
9712,1.0,0.0
9713,0.4,0.6
9714,1.0,0.0
9715,1.0,0.0
9716,0.1,0.9
9717,0.0,1.0
9718,1.0,0.0
9719,0.8,0.2
9720,0.7,0.3
9721,1.0,0.0
9722,0.1,0.9
9723,1.0,0.0
9724,0.1,0.9
9725,0.8,0.2
9726,0.8,0.2
9727,0.1,0.9
9728,0.0,1.0
9729,1.0,0.0
9730,0.0,1.0
9731,0.0,1.0
9732,0.9,0.1
9733,0.6,0.4
9734,1.0,0.0
9735,1.0,0.0
9736,0.0,1.0
9737,0.7,0.3
9738,1.0,0.0
9739,0.9,0.1
9740,0.3,0.7
9741,0.7,0.3
9742,0.0,1.0
9743,0.7,0.3
9744,1.0,0.0
9745,1.0,0.0
9746,0.8,0.2
9747,0.0,1.0
9748,0.6,0.4
9749,0.0,1.0
9750,0.9,0.1
9751,0.1,0.9
9752,0.6,0.4
9753,1.0,0.0
9754,0.3,0.7
9755,0.4,0.6
9756,0.8,0.2
9757,0.6,0.4
9758,0.0,1.0
9759,0.2,0.8
9760,0.8,0.2
9761,0.6,0.4
9762,1.0,0.0
9763,0.0,1.0
9764,1.0,0.0
9765,0.0,1.0
9766,0.0,1.0
9767,0.0,1.0
9768,0.9,0.1
9769,0.4,0.6
9770,1.0,0.0
9771,1.0,0.0
9772,0.0,1.0
9773,1.0,0.0
9774,0.2,0.8
9775,1.0,0.0
9776,1.0,0.0
9777,0.6,0.4
9778,0.3,0.7
9779,0.0,1.0
9780,0.0,1.0
9781,0.0,1.0
9782,0.9,0.1
9783,0.4,0.6
9784,0.3,0.7
9785,0.9,0.1
9786,0.2,0.8
9787,0.0,1.0
9788,1.0,0.0
9789,0.0,1.0
9790,0.7,0.3
9791,0.2,0.8
9792,1.0,0.0
9793,1.0,0.0
9794,1.0,0.0
9795,0.3,0.7
9796,1.0,0.0
9797,0.9,0.1
9798,0.1,0.9
9799,1.0,0.0
9800,1.0,0.0
9801,0.2,0.8
9802,0.6,0.4
9803,0.9,0.1
9804,0.5,0.5
9805,0.5,0.5
9806,0.4,0.6
9807,1.0,0.0
9808,0.0,1.0
9809,1.0,0.0
9810,0.2,0.8
9811,1.0,0.0
9812,0.6,0.4
9813,0.0,1.0
9814,1.0,0.0
9815,0.5,0.5
9816,1.0,0.0
9817,1.0,0.0
9818,0.0,1.0
9819,0.4,0.6
9820,1.0,0.0
9821,0.7,0.3
9822,0.1,0.9
9823,1.0,0.0
9824,0.0,1.0
9825,0.9,0.1
9826,1.0,0.0
9827,0.0,1.0
9828,1.0,0.0
9829,1.0,0.0
9830,0.0,1.0
9831,0.0,1.0
9832,0.0,1.0
9833,0.9,0.1
9834,1.0,0.0
9835,0.7,0.3
9836,1.0,0.0
9837,0.0,1.0
9838,0.0,1.0
9839,0.0,1.0
9840,1.0,0.0
9841,0.8,0.2
9842,0.1,0.9
9843,0.0,1.0
9844,0.9,0.1
9845,0.8,0.2
9846,0.0,1.0
9847,1.0,0.0
9848,0.9,0.1
9849,0.0,1.0
9850,1.0,0.0
9851,1.0,0.0
9852,0.8,0.2
9853,0.1,0.9
9854,0.0,1.0
9855,1.0,0.0
9856,0.4,0.6
9857,0.0,1.0
9858,0.4,0.6
9859,0.2,0.8
9860,0.0,1.0
9861,0.0,1.0
9862,0.0,1.0
9863,0.0,1.0
9864,0.0,1.0
9865,1.0,0.0
9866,1.0,0.0
9867,1.0,0.0
9868,0.8,0.2
9869,1.0,0.0
9870,0.6,0.4
9871,0.5,0.5
9872,0.3,0.7
9873,0.0,1.0
9874,0.9,0.1
9875,0.1,0.9
9876,0.6,0.4
9877,0.7,0.3
9878,0.1,0.9
9879,0.3,0.7
9880,0.7,0.3
9881,0.9,0.1
9882,0.2,0.8
9883,0.9,0.1
9884,0.0,1.0
9885,0.0,1.0
9886,0.2,0.8
9887,0.5,0.5
9888,0.6,0.4
9889,0.9,0.1
9890,0.0,1.0
9891,0.0,1.0
9892,1.0,0.0
9893,0.0,1.0
9894,0.2,0.8
9895,1.0,0.0
9896,1.0,0.0
9897,0.1,0.9
9898,1.0,0.0
9899,1.0,0.0
9900,0.1,0.9
9901,1.0,0.0
9902,0.3,0.7
9903,0.2,0.8
9904,1.0,0.0
9905,0.0,1.0
9906,0.0,1.0
9907,1.0,0.0
9908,1.0,0.0
9909,0.0,1.0
9910,0.4,0.6
9911,0.5,0.5
9912,1.0,0.0
9913,0.5,0.5
9914,0.0,1.0
9915,1.0,0.0
9916,0.4,0.6
9917,0.0,1.0
9918,0.2,0.8
9919,1.0,0.0
9920,0.4,0.6
9921,0.9,0.1
9922,1.0,0.0
9923,1.0,0.0
9924,0.0,1.0
9925,1.0,0.0
9926,0.1,0.9
9927,0.5,0.5
9928,0.8,0.2
9929,0.8,0.2
9930,1.0,0.0
9931,0.0,1.0
9932,1.0,0.0
9933,1.0,0.0
9934,0.0,1.0
9935,0.6,0.4
9936,0.9,0.1
9937,1.0,0.0
9938,0.2,0.8
9939,0.5,0.5
9940,0.3,0.7
9941,0.1,0.9
9942,1.0,0.0
9943,0.0,1.0
9944,1.0,0.0
9945,1.0,0.0
9946,1.0,0.0
9947,0.9,0.1
9948,0.0,1.0
9949,0.1,0.9
9950,1.0,0.0
9951,0.8,0.2
9952,1.0,0.0
9953,0.0,1.0
9954,0.5,0.5
9955,0.0,1.0
9956,0.7,0.3
9957,0.8,0.2
9958,1.0,0.0
9959,0.5,0.5
9960,0.0,1.0
9961,0.8,0.2
9962,1.0,0.0
9963,1.0,0.0
9964,0.3,0.7
9965,0.0,1.0
9966,0.0,1.0
9967,0.9,0.1
9968,0.8,0.2
9969,0.9,0.1
9970,0.1,0.9
9971,1.0,0.0
9972,0.0,1.0
9973,0.3,0.7
9974,0.0,1.0
9975,0.8,0.2
9976,0.5,0.5
9977,1.0,0.0
9978,0.4,0.6
9979,0.3,0.7
9980,1.0,0.0
9981,0.9,0.1
9982,1.0,0.0
9983,1.0,0.0
9984,0.5,0.5
9985,1.0,0.0
9986,0.0,1.0
9987,1.0,0.0
9988,1.0,0.0
9989,1.0,0.0
9990,0.0,1.0
9991,0.3,0.7
9992,1.0,0.0
9993,0.2,0.8
9994,0.3,0.7
9995,1.0,0.0
9996,0.3,0.7
9997,0.1,0.9
9998,0.5,0.5
9999,0.0,1.0
10000,1.0,0.0
10001,0.0,1.0
10002,0.0,1.0
10003,1.0,0.0
10004,1.0,0.0
10005,0.7,0.3
10006,1.0,0.0
10007,1.0,0.0
10008,0.5,0.5
10009,0.7,0.3
10010,0.7,0.3
10011,0.4,0.6
10012,0.2,0.8
10013,0.1,0.9
10014,0.0,1.0
10015,0.1,0.9
10016,0.8,0.2
10017,1.0,0.0
10018,0.1,0.9
10019,0.7,0.3
10020,1.0,0.0
10021,0.2,0.8
10022,0.9,0.1
10023,1.0,0.0
10024,0.8,0.2
10025,1.0,0.0
10026,0.3,0.7
10027,1.0,0.0
10028,1.0,0.0
10029,0.5,0.5
10030,1.0,0.0
10031,1.0,0.0
10032,1.0,0.0
10033,0.9,0.1
10034,1.0,0.0
10035,0.3,0.7
10036,0.4,0.6
10037,0.0,1.0
10038,0.0,1.0
10039,0.8,0.2
10040,1.0,0.0
10041,1.0,0.0
10042,0.4,0.6
10043,0.9,0.1
10044,0.8,0.2
10045,0.5,0.5
10046,0.7,0.3
10047,0.0,1.0
10048,0.6,0.4
10049,0.0,1.0
10050,0.9,0.1
10051,1.0,0.0
10052,0.5,0.5
10053,1.0,0.0
10054,0.9,0.1
10055,0.4,0.6
10056,0.0,1.0
10057,0.0,1.0
10058,0.3,0.7
10059,0.2,0.8
10060,0.0,1.0
10061,0.9,0.1
10062,0.7,0.3
10063,0.0,1.0
10064,0.0,1.0
10065,0.3,0.7
10066,0.1,0.9
10067,0.5,0.5
10068,0.9,0.1
10069,0.0,1.0
10070,0.1,0.9
10071,0.0,1.0
10072,0.7,0.3
10073,0.5,0.5
10074,0.1,0.9
10075,0.0,1.0
10076,1.0,0.0
10077,1.0,0.0
10078,1.0,0.0
10079,0.0,1.0
10080,1.0,0.0
10081,1.0,0.0
10082,0.9,0.1
10083,0.6,0.4
10084,0.4,0.6
10085,1.0,0.0
10086,0.4,0.6
10087,0.1,0.9
10088,0.9,0.1
10089,1.0,0.0
10090,0.9,0.1
10091,0.9,0.1
10092,1.0,0.0
10093,0.2,0.8
10094,0.1,0.9
10095,1.0,0.0
10096,0.1,0.9
10097,1.0,0.0
10098,0.0,1.0
10099,1.0,0.0
10100,0.3,0.7
10101,0.4,0.6
10102,0.9,0.1
10103,0.3,0.7
10104,0.2,0.8
10105,0.0,1.0
10106,0.3,0.7
10107,1.0,0.0
10108,0.0,1.0
10109,0.5,0.5
10110,0.3,0.7
10111,0.0,1.0
10112,0.0,1.0
10113,0.1,0.9
10114,0.2,0.8
10115,0.1,0.9
10116,0.2,0.8
10117,0.2,0.8
10118,0.4,0.6
10119,1.0,0.0
10120,1.0,0.0
10121,0.0,1.0
10122,1.0,0.0
10123,0.0,1.0
10124,0.2,0.8
10125,0.9,0.1
10126,0.8,0.2
10127,0.8,0.2
10128,1.0,0.0
10129,1.0,0.0
10130,0.9,0.1
10131,0.0,1.0
10132,0.0,1.0
10133,1.0,0.0
10134,0.7,0.3
10135,1.0,0.0
10136,0.0,1.0
10137,0.0,1.0
10138,0.2,0.8
10139,1.0,0.0
10140,0.0,1.0
10141,0.2,0.8
10142,0.9,0.1
10143,1.0,0.0
10144,1.0,0.0
10145,1.0,0.0
10146,0.9,0.1
10147,0.9,0.1
10148,0.7,0.3
10149,0.2,0.8
10150,0.9,0.1
10151,1.0,0.0
10152,0.0,1.0
10153,1.0,0.0
10154,0.0,1.0
10155,1.0,0.0
10156,0.3,0.7
10157,0.5,0.5
10158,0.0,1.0
10159,0.7,0.3
10160,0.0,1.0
10161,1.0,0.0
10162,0.8,0.2
10163,1.0,0.0
10164,0.4,0.6
10165,1.0,0.0
10166,0.7,0.3
10167,0.4,0.6
10168,1.0,0.0
10169,0.5,0.5
10170,0.7,0.3
10171,0.1,0.9
10172,1.0,0.0
10173,0.0,1.0
10174,0.4,0.6
10175,0.0,1.0
10176,0.6,0.4
10177,0.0,1.0
10178,0.3,0.7
10179,0.5,0.5
10180,0.2,0.8
10181,1.0,0.0
10182,0.8,0.2
10183,0.3,0.7
10184,1.0,0.0
10185,1.0,0.0
10186,0.6,0.4
10187,1.0,0.0
10188,0.9,0.1
10189,0.1,0.9
10190,0.0,1.0
10191,1.0,0.0
10192,0.2,0.8
10193,1.0,0.0
10194,1.0,0.0
10195,0.7,0.3
10196,0.6,0.4
10197,0.2,0.8
10198,1.0,0.0
10199,0.5,0.5
10200,1.0,0.0
10201,0.4,0.6
10202,0.0,1.0
10203,1.0,0.0
10204,0.0,1.0
10205,1.0,0.0
10206,1.0,0.0
10207,0.5,0.5
10208,0.1,0.9
10209,0.4,0.6
10210,0.0,1.0
10211,0.7,0.3
10212,0.2,0.8
10213,0.1,0.9
10214,0.3,0.7
10215,0.4,0.6
10216,0.8,0.2
10217,0.0,1.0
10218,0.3,0.7
10219,1.0,0.0
10220,0.0,1.0
10221,0.6,0.4
10222,0.9,0.1
10223,0.8,0.2
10224,0.0,1.0
10225,0.0,1.0
10226,1.0,0.0
10227,1.0,0.0
10228,0.0,1.0
10229,1.0,0.0
10230,0.0,1.0
10231,1.0,0.0
10232,1.0,0.0
10233,0.7,0.3
10234,0.0,1.0
10235,1.0,0.0
10236,0.0,1.0
10237,0.9,0.1
10238,0.2,0.8
10239,0.0,1.0
10240,0.0,1.0
10241,1.0,0.0
10242,0.0,1.0
10243,0.8,0.2
10244,0.6,0.4
10245,0.9,0.1
10246,0.0,1.0
10247,0.7,0.3
10248,0.0,1.0
10249,1.0,0.0
10250,0.0,1.0
10251,0.9,0.1
10252,0.0,1.0
10253,0.7,0.3
10254,0.6,0.4
10255,0.8,0.2
10256,0.2,0.8
10257,0.2,0.8
10258,0.4,0.6
10259,0.7,0.3
10260,1.0,0.0
10261,0.1,0.9
10262,0.0,1.0
10263,0.7,0.3
10264,0.8,0.2
10265,1.0,0.0
10266,1.0,0.0
10267,1.0,0.0
10268,0.8,0.2
10269,0.4,0.6
10270,0.9,0.1
10271,0.9,0.1
10272,0.7,0.3
10273,0.0,1.0
10274,1.0,0.0
10275,0.5,0.5
10276,0.1,0.9
10277,0.0,1.0
10278,0.2,0.8
10279,1.0,0.0
10280,0.6,0.4
10281,0.7,0.3
10282,0.6,0.4
10283,0.0,1.0
10284,1.0,0.0
10285,0.0,1.0
10286,0.1,0.9
10287,0.9,0.1
10288,0.5,0.5
10289,0.0,1.0
10290,0.3,0.7
10291,0.2,0.8
10292,0.0,1.0
10293,1.0,0.0
10294,0.0,1.0
10295,0.9,0.1
10296,0.0,1.0
10297,1.0,0.0
10298,0.0,1.0
10299,0.0,1.0
10300,0.1,0.9
10301,0.9,0.1
10302,0.3,0.7
10303,1.0,0.0
10304,1.0,0.0
10305,0.1,0.9
10306,1.0,0.0
10307,0.4,0.6
10308,0.0,1.0
10309,0.5,0.5
10310,0.3,0.7
10311,1.0,0.0
10312,0.0,1.0
10313,0.0,1.0
10314,1.0,0.0
10315,0.8,0.2
10316,0.4,0.6
10317,1.0,0.0
10318,1.0,0.0
10319,1.0,0.0
10320,0.5,0.5
10321,1.0,0.0
10322,1.0,0.0
10323,0.0,1.0
10324,0.8,0.2
10325,0.0,1.0
10326,0.4,0.6
10327,0.0,1.0
10328,1.0,0.0
10329,1.0,0.0
10330,1.0,0.0
10331,1.0,0.0
10332,0.0,1.0
10333,0.0,1.0
10334,0.2,0.8
10335,0.9,0.1
10336,0.0,1.0
10337,0.6,0.4
10338,0.8,0.2
10339,1.0,0.0
10340,0.6,0.4
10341,0.0,1.0
10342,0.3,0.7
10343,0.8,0.2
10344,1.0,0.0
10345,0.0,1.0
10346,1.0,0.0
10347,0.2,0.8
10348,0.1,0.9
10349,0.1,0.9
10350,1.0,0.0
10351,0.9,0.1
10352,0.4,0.6
10353,0.0,1.0
10354,0.0,1.0
10355,0.8,0.2
10356,0.9,0.1
10357,0.0,1.0
10358,0.3,0.7
10359,1.0,0.0
10360,1.0,0.0
10361,0.2,0.8
10362,0.1,0.9
10363,1.0,0.0
10364,0.8,0.2
10365,0.8,0.2
10366,1.0,0.0
10367,0.5,0.5
10368,0.0,1.0
10369,0.0,1.0
10370,1.0,0.0
10371,0.8,0.2
10372,0.8,0.2
10373,0.0,1.0
10374,0.3,0.7
10375,0.0,1.0
10376,1.0,0.0
10377,1.0,0.0
10378,1.0,0.0
10379,1.0,0.0
10380,0.5,0.5
10381,0.0,1.0
10382,0.0,1.0
10383,1.0,0.0
10384,0.1,0.9
10385,0.0,1.0
10386,0.6,0.4
10387,0.4,0.6
10388,0.0,1.0
10389,0.3,0.7
10390,0.9,0.1
10391,0.7,0.3
10392,0.2,0.8
10393,0.2,0.8
10394,0.2,0.8
10395,1.0,0.0
10396,0.0,1.0
10397,0.4,0.6
10398,0.6,0.4
10399,0.6,0.4
10400,0.5,0.5
10401,0.8,0.2
10402,0.3,0.7
10403,1.0,0.0
10404,0.0,1.0
10405,1.0,0.0
10406,0.1,0.9
10407,0.0,1.0
10408,0.5,0.5
10409,0.0,1.0
10410,1.0,0.0
10411,0.2,0.8
10412,0.8,0.2
10413,1.0,0.0
10414,0.3,0.7
10415,0.3,0.7
10416,0.3,0.7
10417,1.0,0.0
10418,0.9,0.1
10419,0.1,0.9
10420,1.0,0.0
10421,0.9,0.1
10422,0.0,1.0
10423,0.0,1.0
10424,0.5,0.5
10425,1.0,0.0
10426,0.6,0.4
10427,0.1,0.9
10428,0.8,0.2
10429,0.1,0.9
10430,0.0,1.0
10431,1.0,0.0
10432,1.0,0.0
10433,0.4,0.6
10434,0.0,1.0
10435,1.0,0.0
10436,0.2,0.8
10437,0.3,0.7
10438,0.0,1.0
10439,0.0,1.0
10440,0.3,0.7
10441,0.8,0.2
10442,0.7,0.3
10443,0.0,1.0
10444,1.0,0.0
10445,0.0,1.0
10446,1.0,0.0
10447,0.0,1.0
10448,0.0,1.0
10449,1.0,0.0
10450,1.0,0.0
10451,0.0,1.0
10452,0.7,0.3
10453,0.6,0.4
10454,1.0,0.0
10455,0.0,1.0
10456,1.0,0.0
10457,0.0,1.0
10458,0.0,1.0
10459,0.2,0.8
10460,0.1,0.9
10461,0.9,0.1
10462,0.0,1.0
10463,0.0,1.0
10464,0.1,0.9
10465,0.3,0.7
10466,1.0,0.0
10467,1.0,0.0
10468,0.0,1.0
10469,0.8,0.2
10470,0.5,0.5
10471,0.0,1.0
10472,0.4,0.6
10473,1.0,0.0
10474,1.0,0.0
10475,0.2,0.8
10476,0.4,0.6
10477,0.7,0.3
10478,1.0,0.0
10479,1.0,0.0
10480,0.4,0.6
10481,0.0,1.0
10482,0.4,0.6
10483,1.0,0.0
10484,0.5,0.5
10485,1.0,0.0
10486,0.0,1.0
10487,0.0,1.0
10488,0.0,1.0
10489,0.8,0.2
10490,1.0,0.0
10491,1.0,0.0
10492,0.7,0.3
10493,1.0,0.0
10494,0.5,0.5
10495,1.0,0.0
10496,0.4,0.6
10497,1.0,0.0
10498,0.0,1.0
10499,0.1,0.9
10500,1.0,0.0
10501,0.0,1.0
10502,0.2,0.8
10503,0.6,0.4
10504,0.3,0.7
10505,0.8,0.2
10506,1.0,0.0
10507,0.4,0.6
10508,1.0,0.0
10509,0.8,0.2
10510,0.0,1.0
10511,0.0,1.0
10512,1.0,0.0
10513,1.0,0.0
10514,0.6,0.4
10515,0.4,0.6
10516,0.9,0.1
10517,0.6,0.4
10518,0.0,1.0
10519,1.0,0.0
10520,0.4,0.6
10521,0.8,0.2
10522,0.0,1.0
10523,1.0,0.0
10524,0.8,0.2
10525,0.7,0.3
10526,0.4,0.6
10527,0.3,0.7
10528,0.8,0.2
10529,1.0,0.0
10530,0.9,0.1
10531,0.9,0.1
10532,0.3,0.7
10533,0.3,0.7
10534,0.5,0.5
10535,0.0,1.0
10536,1.0,0.0
10537,0.8,0.2
10538,1.0,0.0
10539,0.8,0.2
10540,1.0,0.0
10541,0.1,0.9
10542,0.0,1.0
10543,0.5,0.5
10544,0.0,1.0
10545,0.6,0.4
10546,0.2,0.8
10547,0.0,1.0
10548,1.0,0.0
10549,1.0,0.0
10550,0.0,1.0
10551,0.9,0.1
10552,1.0,0.0
10553,0.0,1.0
10554,1.0,0.0
10555,0.0,1.0
10556,1.0,0.0
10557,1.0,0.0
10558,0.0,1.0
10559,0.3,0.7
10560,0.3,0.7
10561,0.2,0.8
10562,0.8,0.2
10563,0.2,0.8
10564,1.0,0.0
10565,0.3,0.7
10566,0.0,1.0
10567,0.2,0.8
10568,0.2,0.8
10569,0.0,1.0
10570,1.0,0.0
10571,0.9,0.1
10572,1.0,0.0
10573,0.0,1.0
10574,0.1,0.9
10575,0.0,1.0
10576,1.0,0.0
10577,1.0,0.0
10578,0.0,1.0
10579,0.0,1.0
10580,1.0,0.0
10581,0.1,0.9
10582,0.9,0.1
10583,1.0,0.0
10584,0.0,1.0
10585,0.8,0.2
10586,0.8,0.2
10587,0.0,1.0
10588,1.0,0.0
10589,0.0,1.0
10590,0.2,0.8
10591,0.0,1.0
10592,0.5,0.5
10593,0.0,1.0
10594,1.0,0.0
10595,1.0,0.0
10596,0.0,1.0
10597,0.4,0.6
10598,0.4,0.6
10599,1.0,0.0
10600,0.8,0.2
10601,0.9,0.1
10602,0.5,0.5
10603,0.7,0.3
10604,0.0,1.0
10605,0.7,0.3
10606,0.0,1.0
10607,0.0,1.0
10608,0.9,0.1
10609,1.0,0.0
10610,0.0,1.0
10611,0.0,1.0
10612,0.0,1.0
10613,1.0,0.0
10614,1.0,0.0
10615,0.2,0.8
10616,0.0,1.0
10617,0.6,0.4
10618,0.2,0.8
10619,0.5,0.5
10620,0.7,0.3
10621,1.0,0.0
10622,1.0,0.0
10623,0.1,0.9
10624,1.0,0.0
10625,1.0,0.0
10626,0.1,0.9
10627,0.3,0.7
10628,1.0,0.0
10629,1.0,0.0
10630,1.0,0.0
10631,0.8,0.2
10632,0.7,0.3
10633,0.0,1.0
10634,1.0,0.0
10635,0.6,0.4
10636,0.0,1.0
10637,0.0,1.0
10638,0.6,0.4
10639,0.0,1.0
10640,1.0,0.0
10641,1.0,0.0
10642,0.0,1.0
10643,1.0,0.0
10644,0.1,0.9
10645,0.8,0.2
10646,1.0,0.0
10647,0.1,0.9
10648,0.0,1.0
10649,1.0,0.0
10650,0.0,1.0
10651,0.0,1.0
10652,0.2,0.8
10653,1.0,0.0
10654,0.0,1.0
10655,1.0,0.0
10656,0.9,0.1
10657,0.9,0.1
10658,0.6,0.4
10659,1.0,0.0
10660,0.6,0.4
10661,0.3,0.7
10662,0.9,0.1
10663,0.9,0.1
10664,0.1,0.9
10665,0.0,1.0
10666,0.4,0.6
10667,1.0,0.0
10668,1.0,0.0
10669,0.0,1.0
10670,1.0,0.0
10671,1.0,0.0
10672,1.0,0.0
10673,0.6,0.4
10674,1.0,0.0
10675,1.0,0.0
10676,0.7,0.3
10677,1.0,0.0
10678,0.0,1.0
10679,0.7,0.3
10680,0.1,0.9
10681,0.0,1.0
10682,0.7,0.3
10683,0.0,1.0
10684,0.0,1.0
10685,1.0,0.0
10686,0.0,1.0
10687,1.0,0.0
10688,0.9,0.1
10689,0.6,0.4
10690,0.0,1.0
10691,0.6,0.4
10692,0.6,0.4
10693,0.5,0.5
10694,0.2,0.8
10695,1.0,0.0
10696,0.1,0.9
10697,0.0,1.0
10698,0.5,0.5
10699,1.0,0.0
10700,0.8,0.2
10701,0.0,1.0
10702,0.5,0.5
10703,1.0,0.0
10704,1.0,0.0
10705,0.1,0.9
10706,0.0,1.0
10707,0.7,0.3
10708,0.2,0.8
10709,0.7,0.3
10710,0.1,0.9
10711,0.8,0.2
10712,0.9,0.1
10713,1.0,0.0
10714,0.0,1.0
10715,0.0,1.0
10716,0.1,0.9
10717,1.0,0.0
10718,0.0,1.0
10719,0.9,0.1
10720,1.0,0.0
10721,0.0,1.0
10722,0.4,0.6
10723,0.8,0.2
10724,0.4,0.6
10725,0.1,0.9
10726,0.2,0.8
10727,0.3,0.7
10728,0.6,0.4
10729,0.0,1.0
10730,0.3,0.7
10731,0.9,0.1
10732,0.7,0.3
10733,0.9,0.1
10734,1.0,0.0
10735,0.0,1.0
10736,0.0,1.0
10737,0.0,1.0
10738,0.7,0.3
10739,0.7,0.3
10740,0.6,0.4
10741,1.0,0.0
10742,1.0,0.0
10743,0.0,1.0
10744,0.7,0.3
10745,0.6,0.4
10746,0.0,1.0
10747,1.0,0.0
10748,0.2,0.8
10749,0.8,0.2
10750,0.0,1.0
10751,0.5,0.5
10752,0.9,0.1
10753,0.8,0.2
10754,1.0,0.0
10755,0.7,0.3
10756,0.4,0.6
10757,0.0,1.0
10758,1.0,0.0
10759,0.0,1.0
10760,0.6,0.4
10761,0.0,1.0
10762,0.0,1.0
10763,0.0,1.0
10764,0.0,1.0
10765,0.9,0.1
10766,1.0,0.0
10767,1.0,0.0
10768,0.3,0.7
10769,0.0,1.0
10770,0.1,0.9
10771,0.6,0.4
10772,0.3,0.7
10773,0.8,0.2
10774,0.9,0.1
10775,0.1,0.9
10776,0.9,0.1
10777,0.9,0.1
10778,0.9,0.1
10779,1.0,0.0
10780,0.9,0.1
10781,1.0,0.0
10782,0.0,1.0
10783,0.5,0.5
10784,0.0,1.0
10785,0.9,0.1
10786,0.7,0.3
10787,0.7,0.3
10788,1.0,0.0
10789,0.5,0.5
10790,0.8,0.2
10791,0.2,0.8
10792,0.8,0.2
10793,0.1,0.9
10794,1.0,0.0
10795,1.0,0.0
10796,0.8,0.2
10797,1.0,0.0
10798,0.9,0.1
10799,0.3,0.7
10800,0.0,1.0
10801,0.5,0.5
10802,0.4,0.6
10803,0.0,1.0
10804,0.6,0.4
10805,1.0,0.0
10806,0.8,0.2
10807,0.0,1.0
10808,1.0,0.0
10809,0.0,1.0
10810,0.8,0.2
10811,0.3,0.7
10812,0.7,0.3
10813,1.0,0.0
10814,1.0,0.0
10815,0.0,1.0
10816,0.9,0.1
10817,0.1,0.9
10818,0.9,0.1
10819,0.1,0.9
10820,0.9,0.1
10821,0.0,1.0
10822,0.1,0.9
10823,0.0,1.0
10824,0.0,1.0
10825,1.0,0.0
10826,1.0,0.0
10827,0.2,0.8
10828,0.9,0.1
10829,0.0,1.0
10830,0.0,1.0
10831,0.7,0.3
10832,0.2,0.8
10833,0.2,0.8
10834,0.9,0.1
10835,0.7,0.3
10836,0.8,0.2
10837,1.0,0.0
10838,1.0,0.0
10839,0.9,0.1
10840,0.0,1.0
10841,1.0,0.0
10842,1.0,0.0
10843,0.8,0.2
10844,0.5,0.5
10845,0.1,0.9
10846,1.0,0.0
10847,0.1,0.9
10848,1.0,0.0
10849,1.0,0.0
10850,0.4,0.6
10851,0.6,0.4
10852,0.0,1.0
10853,0.9,0.1
10854,0.1,0.9
10855,0.8,0.2
10856,0.1,0.9
10857,0.0,1.0
10858,0.0,1.0
10859,0.8,0.2
10860,0.6,0.4
10861,0.0,1.0
10862,0.1,0.9
10863,0.7,0.3
10864,0.3,0.7
10865,1.0,0.0
10866,0.2,0.8
10867,1.0,0.0
10868,0.4,0.6
10869,0.2,0.8
10870,1.0,0.0
10871,0.5,0.5
10872,1.0,0.0
10873,0.1,0.9
10874,0.8,0.2
10875,1.0,0.0
10876,0.0,1.0
10877,1.0,0.0
10878,0.6,0.4
10879,0.7,0.3
10880,0.0,1.0
10881,0.7,0.3
10882,0.9,0.1
10883,0.0,1.0
10884,0.3,0.7
10885,0.0,1.0
10886,0.3,0.7
10887,0.9,0.1
10888,0.1,0.9
10889,0.0,1.0
10890,0.1,0.9
10891,1.0,0.0
10892,0.0,1.0
10893,0.3,0.7
10894,0.9,0.1
10895,0.6,0.4
10896,0.1,0.9
10897,0.0,1.0
10898,1.0,0.0
10899,0.0,1.0
10900,0.8,0.2
10901,0.2,0.8
10902,1.0,0.0
10903,0.7,0.3
10904,0.6,0.4
10905,1.0,0.0
10906,0.1,0.9
10907,1.0,0.0
10908,0.9,0.1
10909,0.5,0.5
10910,1.0,0.0
10911,0.3,0.7
10912,0.6,0.4
10913,1.0,0.0
10914,1.0,0.0
10915,0.9,0.1
10916,1.0,0.0
10917,0.0,1.0
10918,0.1,0.9
10919,0.2,0.8
10920,0.0,1.0
10921,1.0,0.0
10922,0.0,1.0
10923,0.0,1.0
10924,0.0,1.0
10925,0.0,1.0
10926,1.0,0.0
10927,1.0,0.0
10928,0.0,1.0
10929,0.2,0.8
10930,0.1,0.9
10931,0.7,0.3
10932,0.9,0.1
10933,0.4,0.6
10934,0.0,1.0
10935,0.7,0.3
10936,0.3,0.7
10937,1.0,0.0
10938,0.5,0.5
10939,0.0,1.0
10940,0.2,0.8
10941,0.3,0.7
10942,0.1,0.9
10943,1.0,0.0
10944,0.0,1.0
10945,0.6,0.4
10946,0.8,0.2
10947,0.6,0.4
10948,0.8,0.2
10949,0.8,0.2
10950,0.8,0.2
10951,1.0,0.0
10952,0.0,1.0
10953,0.3,0.7
10954,1.0,0.0
10955,0.2,0.8
10956,1.0,0.0
10957,0.8,0.2
10958,0.0,1.0
10959,1.0,0.0
10960,0.9,0.1
10961,1.0,0.0
10962,0.8,0.2
10963,0.0,1.0
10964,0.9,0.1
10965,0.1,0.9
10966,1.0,0.0
10967,0.8,0.2
10968,0.0,1.0
10969,0.6,0.4
10970,0.2,0.8
10971,0.4,0.6
10972,0.9,0.1
10973,1.0,0.0
10974,0.0,1.0
10975,0.1,0.9
10976,0.9,0.1
10977,1.0,0.0
10978,0.3,0.7
10979,0.2,0.8
10980,1.0,0.0
10981,0.2,0.8
10982,0.0,1.0
10983,1.0,0.0
10984,0.0,1.0
10985,0.9,0.1
10986,1.0,0.0
10987,0.9,0.1
10988,0.4,0.6
10989,0.0,1.0
10990,0.1,0.9
10991,0.6,0.4
10992,0.0,1.0
10993,1.0,0.0
10994,0.6,0.4
10995,0.4,0.6
10996,1.0,0.0
10997,0.9,0.1
10998,0.4,0.6
10999,0.2,0.8
11000,1.0,0.0
11001,0.8,0.2
11002,0.7,0.3
11003,0.1,0.9
11004,1.0,0.0
11005,0.0,1.0
11006,0.0,1.0
11007,1.0,0.0
11008,1.0,0.0
11009,0.2,0.8
11010,0.6,0.4
11011,0.2,0.8
11012,1.0,0.0
11013,0.4,0.6
11014,1.0,0.0
11015,1.0,0.0
11016,0.8,0.2
11017,0.8,0.2
11018,0.0,1.0
11019,0.7,0.3
11020,0.6,0.4
11021,0.8,0.2
11022,0.0,1.0
11023,1.0,0.0
11024,1.0,0.0
11025,0.2,0.8
11026,0.0,1.0
11027,0.3,0.7
11028,0.1,0.9
11029,0.8,0.2
11030,0.7,0.3
11031,0.0,1.0
11032,0.3,0.7
11033,0.7,0.3
11034,0.9,0.1
11035,0.0,1.0
11036,0.9,0.1
11037,0.5,0.5
11038,0.1,0.9
11039,0.0,1.0
11040,0.0,1.0
11041,1.0,0.0
11042,0.0,1.0
11043,0.9,0.1
11044,1.0,0.0
11045,1.0,0.0
11046,0.1,0.9
11047,0.0,1.0
11048,0.9,0.1
11049,0.0,1.0
11050,0.9,0.1
11051,0.9,0.1
11052,0.0,1.0
11053,0.0,1.0
11054,0.1,0.9
11055,1.0,0.0
11056,1.0,0.0
11057,0.2,0.8
11058,0.5,0.5
11059,1.0,0.0
11060,0.0,1.0
11061,0.0,1.0
11062,0.0,1.0
11063,1.0,0.0
11064,0.0,1.0
11065,0.8,0.2
11066,0.2,0.8
11067,1.0,0.0
11068,0.9,0.1
11069,0.9,0.1
11070,1.0,0.0
11071,0.3,0.7
11072,0.3,0.7
11073,0.7,0.3
11074,0.0,1.0
11075,0.9,0.1
11076,0.0,1.0
11077,1.0,0.0
11078,0.6,0.4
11079,0.9,0.1
11080,0.0,1.0
11081,1.0,0.0
11082,1.0,0.0
11083,1.0,0.0
11084,0.1,0.9
11085,0.8,0.2
11086,0.1,0.9
11087,0.6,0.4
11088,0.0,1.0
11089,1.0,0.0
11090,0.9,0.1
11091,0.0,1.0
11092,1.0,0.0
11093,1.0,0.0
11094,0.4,0.6
11095,0.2,0.8
11096,0.0,1.0
11097,0.1,0.9
11098,0.1,0.9
11099,0.5,0.5
11100,1.0,0.0
11101,0.8,0.2
11102,0.4,0.6
11103,0.9,0.1
11104,0.0,1.0
11105,1.0,0.0
11106,1.0,0.0
11107,1.0,0.0
11108,0.4,0.6
11109,1.0,0.0
11110,1.0,0.0
11111,0.4,0.6
11112,0.0,1.0
11113,0.0,1.0
11114,0.1,0.9
11115,0.0,1.0
11116,0.6,0.4
11117,1.0,0.0
11118,0.9,0.1
11119,0.4,0.6
11120,0.4,0.6
11121,0.9,0.1
11122,0.0,1.0
11123,0.4,0.6
11124,0.8,0.2
11125,0.0,1.0
11126,0.0,1.0
11127,0.9,0.1
11128,0.9,0.1
11129,0.0,1.0
11130,0.0,1.0
11131,0.4,0.6
11132,1.0,0.0
11133,0.9,0.1
11134,0.9,0.1
11135,1.0,0.0
11136,0.0,1.0
11137,1.0,0.0
11138,0.9,0.1
11139,1.0,0.0
11140,0.0,1.0
11141,0.9,0.1
11142,1.0,0.0
11143,0.3,0.7
11144,0.1,0.9
11145,0.3,0.7
11146,1.0,0.0
11147,0.7,0.3
11148,0.0,1.0
11149,0.5,0.5
11150,0.0,1.0
11151,1.0,0.0
11152,0.1,0.9
11153,1.0,0.0
11154,1.0,0.0
11155,0.8,0.2
11156,0.6,0.4
11157,0.4,0.6
11158,1.0,0.0
11159,0.4,0.6
11160,0.0,1.0
11161,1.0,0.0
11162,0.0,1.0
11163,0.2,0.8
11164,1.0,0.0
11165,1.0,0.0
11166,0.8,0.2
11167,0.5,0.5
11168,1.0,0.0
11169,1.0,0.0
11170,0.9,0.1
11171,1.0,0.0
11172,1.0,0.0
11173,0.5,0.5
11174,0.9,0.1
11175,1.0,0.0
11176,0.0,1.0
11177,1.0,0.0
11178,0.9,0.1
11179,1.0,0.0
11180,0.0,1.0
11181,0.7,0.3
11182,0.1,0.9
11183,1.0,0.0
11184,0.0,1.0
11185,0.2,0.8
11186,0.9,0.1
11187,0.1,0.9
11188,0.2,0.8
11189,0.0,1.0
11190,0.9,0.1
11191,0.0,1.0
11192,0.0,1.0
11193,0.7,0.3
11194,0.8,0.2
11195,0.2,0.8
11196,1.0,0.0
11197,1.0,0.0
11198,0.1,0.9
11199,0.0,1.0
11200,0.0,1.0
11201,0.5,0.5
11202,0.6,0.4
11203,0.4,0.6
11204,0.7,0.3
11205,0.0,1.0
11206,1.0,0.0
11207,0.3,0.7
11208,1.0,0.0
11209,1.0,0.0
11210,0.5,0.5
11211,0.1,0.9
11212,0.0,1.0
11213,0.1,0.9
11214,1.0,0.0
11215,0.4,0.6
11216,0.9,0.1
11217,1.0,0.0
11218,0.0,1.0
11219,0.1,0.9
11220,0.7,0.3
11221,0.3,0.7
11222,0.9,0.1
11223,1.0,0.0
11224,1.0,0.0
11225,1.0,0.0
11226,0.9,0.1
11227,0.1,0.9
11228,0.5,0.5
11229,0.7,0.3
11230,0.0,1.0
11231,0.0,1.0
11232,1.0,0.0
11233,0.9,0.1
11234,0.3,0.7
11235,1.0,0.0
11236,1.0,0.0
11237,0.2,0.8
11238,0.0,1.0
11239,1.0,0.0
11240,0.1,0.9
11241,0.9,0.1
11242,0.2,0.8
11243,0.7,0.3
11244,0.1,0.9
11245,1.0,0.0
11246,0.3,0.7
11247,0.7,0.3
11248,0.5,0.5
11249,1.0,0.0
11250,0.8,0.2
11251,0.0,1.0
11252,0.8,0.2
11253,0.0,1.0
11254,0.4,0.6
11255,1.0,0.0
11256,1.0,0.0
11257,0.9,0.1
11258,0.1,0.9
11259,0.0,1.0
11260,1.0,0.0
11261,0.7,0.3
11262,0.9,0.1
11263,0.8,0.2
11264,1.0,0.0
11265,0.0,1.0
11266,1.0,0.0
11267,0.0,1.0
11268,1.0,0.0
11269,0.0,1.0
11270,0.9,0.1
11271,0.3,0.7
11272,1.0,0.0
11273,0.7,0.3
11274,0.1,0.9
11275,0.1,0.9
11276,1.0,0.0
11277,0.9,0.1
11278,0.0,1.0
11279,0.7,0.3
11280,1.0,0.0
11281,0.0,1.0
11282,0.8,0.2
11283,0.2,0.8
11284,1.0,0.0
11285,1.0,0.0
11286,0.0,1.0
11287,0.9,0.1
11288,1.0,0.0
11289,0.0,1.0
11290,0.8,0.2
11291,0.0,1.0
11292,1.0,0.0
11293,0.0,1.0
11294,1.0,0.0
11295,0.9,0.1
11296,0.5,0.5
11297,0.0,1.0
11298,1.0,0.0
11299,1.0,0.0
11300,1.0,0.0
11301,1.0,0.0
11302,0.0,1.0
11303,1.0,0.0
11304,1.0,0.0
11305,0.9,0.1
11306,0.1,0.9
11307,0.0,1.0
11308,1.0,0.0
11309,1.0,0.0
11310,1.0,0.0
11311,1.0,0.0
11312,1.0,0.0
11313,0.4,0.6
11314,0.1,0.9
11315,0.2,0.8
11316,1.0,0.0
11317,0.0,1.0
11318,0.0,1.0
11319,0.0,1.0
11320,0.1,0.9
11321,1.0,0.0
11322,1.0,0.0
11323,0.0,1.0
11324,0.9,0.1
11325,1.0,0.0
11326,0.6,0.4
11327,0.3,0.7
11328,0.8,0.2
11329,1.0,0.0
11330,0.2,0.8
11331,0.0,1.0
11332,1.0,0.0
11333,1.0,0.0
11334,0.2,0.8
11335,0.0,1.0
11336,0.8,0.2
11337,0.0,1.0
11338,1.0,0.0
11339,1.0,0.0
11340,0.0,1.0
11341,0.3,0.7
11342,0.2,0.8
11343,0.8,0.2
11344,0.0,1.0
11345,1.0,0.0
11346,0.5,0.5
11347,0.0,1.0
11348,0.8,0.2
11349,0.0,1.0
11350,1.0,0.0
11351,0.2,0.8
11352,0.2,0.8
11353,0.0,1.0
11354,0.0,1.0
11355,0.1,0.9
11356,0.1,0.9
11357,0.1,0.9
11358,0.9,0.1
11359,0.9,0.1
11360,0.0,1.0
11361,0.0,1.0
11362,0.6,0.4
11363,0.5,0.5
11364,0.1,0.9
11365,0.1,0.9
11366,0.8,0.2
11367,0.1,0.9
11368,0.0,1.0
11369,0.1,0.9
11370,1.0,0.0
11371,0.8,0.2
11372,1.0,0.0
11373,0.6,0.4
11374,1.0,0.0
11375,0.9,0.1
11376,1.0,0.0
11377,1.0,0.0
11378,0.7,0.3
11379,0.2,0.8
11380,0.8,0.2
11381,0.8,0.2
11382,0.9,0.1
11383,0.9,0.1
11384,0.0,1.0
11385,0.8,0.2
11386,1.0,0.0
11387,0.6,0.4
11388,0.5,0.5
11389,0.0,1.0
11390,0.3,0.7
11391,0.9,0.1
11392,0.4,0.6
11393,1.0,0.0
11394,1.0,0.0
11395,0.0,1.0
11396,0.0,1.0
11397,0.5,0.5
11398,1.0,0.0
11399,0.4,0.6
11400,0.2,0.8
11401,1.0,0.0
11402,1.0,0.0
11403,0.8,0.2
11404,0.0,1.0
11405,1.0,0.0
11406,1.0,0.0
11407,0.9,0.1
11408,0.6,0.4
11409,1.0,0.0
11410,0.5,0.5
11411,0.7,0.3
11412,0.0,1.0
11413,0.0,1.0
11414,1.0,0.0
11415,0.0,1.0
11416,0.2,0.8
11417,0.1,0.9
11418,0.5,0.5
11419,0.0,1.0
11420,0.2,0.8
11421,0.0,1.0
11422,1.0,0.0
11423,1.0,0.0
11424,1.0,0.0
11425,0.1,0.9
11426,0.1,0.9
11427,0.0,1.0
11428,0.0,1.0
11429,0.6,0.4
11430,0.8,0.2
11431,1.0,0.0
11432,0.2,0.8
11433,0.9,0.1
11434,0.8,0.2
11435,0.5,0.5
11436,0.8,0.2
11437,0.0,1.0
11438,0.2,0.8
11439,0.0,1.0
11440,0.1,0.9
11441,1.0,0.0
11442,1.0,0.0
11443,0.0,1.0
11444,1.0,0.0
11445,0.1,0.9
11446,0.0,1.0
11447,1.0,0.0
11448,1.0,0.0
11449,0.6,0.4
11450,1.0,0.0
11451,0.7,0.3
11452,0.2,0.8
11453,1.0,0.0
11454,0.0,1.0
11455,1.0,0.0
11456,0.8,0.2
11457,0.9,0.1
11458,0.0,1.0
11459,0.1,0.9
11460,1.0,0.0
11461,1.0,0.0
11462,0.4,0.6
11463,0.9,0.1
11464,0.0,1.0
11465,1.0,0.0
11466,0.9,0.1
11467,0.0,1.0
11468,0.8,0.2
11469,0.1,0.9
11470,0.8,0.2
11471,0.4,0.6
11472,0.6,0.4
11473,1.0,0.0
11474,0.9,0.1
11475,0.9,0.1
11476,1.0,0.0
11477,0.3,0.7
11478,1.0,0.0
11479,0.0,1.0
11480,1.0,0.0
11481,0.5,0.5
11482,0.4,0.6
11483,0.0,1.0
11484,0.6,0.4
11485,1.0,0.0
11486,1.0,0.0
11487,0.1,0.9
11488,0.0,1.0
11489,0.9,0.1
11490,1.0,0.0
11491,0.1,0.9
11492,0.0,1.0
11493,0.8,0.2
11494,0.8,0.2
11495,0.8,0.2
11496,0.2,0.8
11497,1.0,0.0
11498,0.8,0.2
11499,1.0,0.0
11500,1.0,0.0
11501,0.0,1.0
11502,1.0,0.0
11503,0.9,0.1
11504,0.0,1.0
11505,0.0,1.0
11506,0.0,1.0
11507,0.1,0.9
11508,0.5,0.5
11509,0.0,1.0
11510,0.0,1.0
11511,1.0,0.0
11512,1.0,0.0
11513,0.0,1.0
11514,0.1,0.9
11515,0.6,0.4
11516,0.0,1.0
11517,0.3,0.7
11518,1.0,0.0
11519,0.0,1.0
11520,1.0,0.0
11521,0.4,0.6
11522,0.2,0.8
11523,0.4,0.6
11524,1.0,0.0
11525,0.1,0.9
11526,1.0,0.0
11527,0.9,0.1
11528,0.9,0.1
11529,0.4,0.6
11530,0.0,1.0
11531,0.4,0.6
11532,0.9,0.1
11533,0.8,0.2
11534,0.1,0.9
11535,1.0,0.0
11536,0.0,1.0
11537,0.6,0.4
11538,1.0,0.0
11539,1.0,0.0
11540,0.5,0.5
11541,0.8,0.2
11542,0.8,0.2
11543,0.4,0.6
11544,1.0,0.0
11545,0.8,0.2
11546,0.7,0.3
11547,0.2,0.8
11548,1.0,0.0
11549,1.0,0.0
11550,1.0,0.0
11551,0.1,0.9
11552,1.0,0.0
11553,0.1,0.9
11554,0.8,0.2
11555,0.1,0.9
11556,1.0,0.0
11557,0.7,0.3
11558,0.1,0.9
11559,1.0,0.0
11560,1.0,0.0
11561,0.7,0.3
11562,0.0,1.0
11563,0.3,0.7
11564,1.0,0.0
11565,0.1,0.9
11566,0.4,0.6
11567,1.0,0.0
11568,0.3,0.7
11569,1.0,0.0
11570,0.8,0.2
11571,0.3,0.7
11572,1.0,0.0
11573,0.4,0.6
11574,1.0,0.0
11575,1.0,0.0
11576,0.0,1.0
11577,1.0,0.0
11578,0.3,0.7
11579,0.0,1.0
11580,0.3,0.7
11581,0.0,1.0
11582,0.0,1.0
11583,0.5,0.5
11584,0.0,1.0
11585,0.0,1.0
11586,0.3,0.7
11587,1.0,0.0
11588,0.0,1.0
11589,0.9,0.1
11590,0.9,0.1
11591,0.0,1.0
11592,0.0,1.0
11593,0.9,0.1
11594,1.0,0.0
11595,1.0,0.0
11596,0.5,0.5
11597,0.0,1.0
11598,1.0,0.0
11599,0.9,0.1
11600,0.0,1.0
11601,0.4,0.6
11602,0.8,0.2
11603,0.0,1.0
11604,0.7,0.3
11605,0.7,0.3
11606,1.0,0.0
11607,0.0,1.0
11608,1.0,0.0
11609,0.0,1.0
11610,1.0,0.0
11611,0.0,1.0
11612,0.0,1.0
11613,0.8,0.2
11614,1.0,0.0
11615,1.0,0.0
11616,0.6,0.4
11617,0.4,0.6
11618,0.9,0.1
11619,0.0,1.0
11620,0.9,0.1
11621,0.4,0.6
11622,0.2,0.8
11623,1.0,0.0
11624,0.0,1.0
11625,0.0,1.0
11626,0.0,1.0
11627,0.1,0.9
11628,0.0,1.0
11629,0.8,0.2
